LotFrontage,LotArea,OverallQual,YearBuilt,YearRemodAdd,MasVnrArea,BsmtFinSF1,BsmtUnfSF,TotalBsmtSF,1stFlrSF,2ndFlrSF,GrLivArea,BsmtFullBath,FullBath,HalfBath,BedroomAbvGr,TotRmsAbvGrd,Fireplaces,GarageYrBlt,GarageCars,GarageArea,WoodDeckSF,OpenPorchSF,ScreenPorch,SalePrice
65.0,8450,7,2003,2003,196.0,706,150,856,856,854,1710,1,2,1,3,8,0,2003.0,2,548,0,61,0,208500
80.0,9600,6,1976,1976,0.0,978,284,1262,1262,0,1262,0,2,0,3,6,1,1976.0,2,460,298,0,0,181500
68.0,11250,7,2001,2002,162.0,486,434,920,920,866,1786,1,2,1,3,6,1,2001.0,2,608,0,42,0,223500
60.0,9550,7,1915,1970,0.0,216,540,756,961,756,1717,1,1,0,3,7,1,1998.0,3,642,0,35,0,140000
84.0,14260,8,2000,2000,350.0,655,490,1145,1145,1053,2198,1,2,1,4,9,1,2000.0,3,836,192,84,0,250000
85.0,14115,5,1993,1995,0.0,732,64,796,796,566,1362,1,1,1,1,5,0,1993.0,2,480,40,30,0,143000
75.0,10084,8,2004,2005,186.0,1369,317,1686,1694,0,1694,1,2,0,3,7,1,2004.0,2,636,255,57,0,307000
69.0,10382,7,1973,1973,240.0,859,216,1107,1107,983,2090,1,2,1,3,7,2,1973.0,2,484,235,204,0,200000
51.0,6120,7,1931,1950,0.0,0,952,952,1022,752,1774,0,2,0,2,8,2,1931.0,2,468,90,0,0,129900
50.0,7420,5,1939,1950,0.0,851,140,991,1077,0,1077,1,1,0,2,5,2,1939.0,1,205,0,4,0,118000
70.0,11200,5,1965,1965,0.0,906,134,1040,1040,0,1040,1,1,0,3,5,0,1965.0,1,384,0,0,0,129500
85.0,11924,9,2005,2006,286.0,998,177,1175,1182,1142,2324,1,3,0,4,11,2,2005.0,3,736,147,21,0,345000
69.0,12968,5,1962,1962,0.0,737,175,912,912,0,912,1,1,0,2,4,0,1962.0,1,352,140,0,176,144000
91.0,10652,7,2006,2007,306.0,0,1494,1494,1494,0,1494,0,2,0,3,7,1,2006.0,3,840,160,33,0,279500
69.0,10920,6,1960,1960,212.0,733,520,1253,1253,0,1253,1,1,1,2,5,1,1960.0,1,352,0,213,0,157000
51.0,6120,7,1929,2001,0.0,0,832,832,854,0,854,0,1,0,2,5,0,1991.0,2,576,48,112,0,132000
69.0,11241,6,1970,1970,180.0,578,426,1004,1004,0,1004,1,1,0,2,5,1,1970.0,2,480,0,0,0,149000
72.0,10791,4,1967,1967,0.0,0,0,0,1296,0,1296,0,2,0,2,6,0,1967.0,2,516,0,0,0,90000
66.0,13695,5,2004,2004,0.0,646,468,1114,1114,0,1114,1,1,1,3,6,0,2004.0,2,576,0,102,0,159000
70.0,7560,5,1958,1965,0.0,504,525,1029,1339,0,1339,0,1,0,3,6,0,1958.0,1,294,0,0,0,139000
101.0,14215,8,2005,2006,380.0,0,1158,1158,1158,1218,2376,0,3,1,4,9,1,2005.0,3,853,240,154,0,325300
57.0,7449,7,1930,1950,0.0,0,637,637,1108,0,1108,0,1,0,3,6,1,1930.0,1,280,0,0,0,139400
75.0,9742,8,2002,2002,281.0,0,1777,1777,1795,0,1795,0,2,0,3,7,1,2002.0,2,534,171,159,0,230000
44.0,4224,5,1976,1976,0.0,840,200,1040,1060,0,1060,1,1,0,3,6,1,1976.0,2,572,100,110,0,129900
69.0,8246,5,1968,2001,0.0,188,204,1060,1060,0,1060,1,1,0,3,6,1,1968.0,1,270,406,90,0,154000
110.0,14230,8,2007,2007,640.0,0,1566,1566,1600,0,1600,0,2,0,3,7,1,2007.0,3,890,0,56,0,256300
60.0,7200,5,1951,2000,0.0,234,180,900,900,0,900,0,1,0,3,5,0,2005.0,2,576,222,32,0,134800
98.0,11478,8,2007,2008,200.0,1218,486,1704,1704,0,1704,1,2,0,3,7,1,2008.0,3,772,0,50,0,306000
47.0,16321,5,1957,1997,0.0,1277,207,1484,1600,0,1600,1,1,0,2,6,2,1957.0,1,319,288,258,0,207500
60.0,6324,4,1927,1950,0.0,0,520,520,520,0,520,0,1,0,1,4,0,1920.0,1,240,49,0,0,68500
50.0,8500,4,1920,1950,0.0,0,649,649,649,668,1317,0,1,0,3,6,0,1920.0,1,250,0,54,0,40000
69.0,8544,5,1966,2006,0.0,0,1228,1228,1228,0,1228,0,1,1,3,6,0,1966.0,1,271,0,65,0,149350
85.0,11049,8,2007,2007,0.0,0,1234,1234,1234,0,1234,0,2,0,3,7,0,2007.0,2,484,0,30,0,179900
70.0,10552,5,1959,1959,0.0,1018,380,1398,1700,0,1700,0,1,1,4,6,1,1959.0,2,447,0,38,0,165500
60.0,7313,9,2005,2005,246.0,1153,408,1561,1561,0,1561,1,2,0,2,6,1,2005.0,2,556,203,47,0,277500
108.0,13418,8,2004,2005,132.0,0,1117,1117,1132,1320,2452,0,3,1,4,9,1,2004.0,3,691,113,32,0,309000
112.0,10859,5,1994,1995,0.0,0,1097,1097,1097,0,1097,0,1,1,3,6,0,1995.0,2,672,392,64,0,145000
74.0,8532,5,1954,1990,650.0,1213,84,1297,1297,0,1297,0,1,0,3,5,1,1954.0,2,498,0,0,0,153000
68.0,7922,5,1953,2007,0.0,731,326,1057,1057,0,1057,1,1,0,3,5,0,1953.0,1,246,0,52,0,109000
65.0,6040,4,1955,1955,0.0,0,0,0,1152,0,1152,0,2,0,2,6,0,1980.0,0,0,0,0,0,82000
84.0,8658,6,1965,1965,101.0,643,445,1088,1324,0,1324,0,2,0,3,6,1,1965.0,2,440,0,138,0,160000
115.0,16905,5,1959,1959,0.0,967,383,1350,1328,0,1328,0,1,1,2,5,2,1959.0,1,308,0,104,0,170000
69.0,9180,5,1983,1983,0.0,747,0,840,884,0,884,1,1,0,2,5,0,1983.0,2,504,240,0,0,144000
69.0,9200,5,1975,1980,0.0,280,167,938,938,0,938,1,1,0,3,5,0,1977.0,1,308,145,0,0,130250
70.0,7945,5,1959,1959,0.0,179,465,1150,1150,0,1150,1,1,0,3,6,0,1959.0,1,300,0,0,0,141000
61.0,7658,9,2005,2005,412.0,456,1296,1752,1752,0,1752,1,2,0,2,6,1,2005.0,2,576,196,82,0,319900
48.0,12822,7,2003,2003,0.0,1351,83,1434,1518,631,2149,1,1,1,1,6,1,2003.0,2,670,168,43,198,239686
84.0,11096,8,2006,2006,0.0,24,1632,1656,1656,0,1656,0,2,0,3,7,0,2006.0,3,826,0,146,0,249700
33.0,4456,4,1920,2008,0.0,0,736,736,736,716,1452,0,2,0,2,8,0,1980.0,0,0,0,0,0,113000
66.0,7742,5,1966,1966,0.0,763,192,955,955,0,955,1,1,0,3,6,0,1966.0,1,386,0,0,0,127000
69.0,13869,6,1997,1997,0.0,182,612,794,794,676,1470,0,2,0,3,6,0,1997.0,2,388,0,75,0,177000
52.0,6240,6,1934,1950,0.0,0,816,816,816,0,1176,0,1,0,3,6,1,1985.0,2,528,112,0,0,114500
110.0,8472,5,1963,1963,0.0,104,0,816,816,0,816,1,1,0,2,5,0,1963.0,2,516,106,0,0,110000
68.0,50271,9,1981,1987,0.0,1810,32,1842,1842,0,1842,2,0,1,0,5,1,1981.0,3,894,857,72,0,385000
60.0,7134,5,1955,1955,0.0,384,0,384,1360,0,1360,0,1,0,3,6,1,1962.0,2,572,0,50,0,130000
100.0,10175,6,1964,1964,272.0,490,935,1425,1425,0,1425,0,2,0,3,7,1,1964.0,2,576,0,0,0,180500
24.0,2645,8,1999,2000,456.0,649,321,970,983,756,1739,1,2,1,3,7,0,1999.0,2,480,115,0,0,172500
89.0,11645,7,2004,2004,0.0,0,860,860,860,860,1720,0,2,1,3,7,0,2004.0,2,565,0,70,0,196500
66.0,13682,10,2006,2006,1031.0,0,1410,1410,1426,1519,2945,0,3,1,3,10,1,2006.0,3,641,192,0,0,438780
60.0,7200,5,1972,1972,0.0,632,148,780,780,0,780,0,1,0,2,4,0,1973.0,1,352,196,0,0,124900
63.0,13072,6,2004,2004,0.0,941,217,1158,1158,0,1158,1,1,1,3,5,0,2006.0,2,576,0,50,0,158000
60.0,7200,5,1920,1996,0.0,0,530,530,581,530,1111,0,1,0,3,6,0,1935.0,1,288,0,0,0,101000
44.0,6442,8,2006,2006,178.0,24,1346,1370,1370,0,1370,0,2,0,2,6,1,2006.0,2,484,120,49,0,202500
50.0,10300,7,1921,1950,0.0,0,576,576,902,808,1710,0,2,0,3,9,0,1990.0,2,480,12,11,0,140000
69.0,9375,7,1997,1998,573.0,739,318,1057,1057,977,2034,1,2,1,3,8,0,1998.0,2,645,576,36,0,219500
76.0,9591,8,2004,2005,344.0,0,1143,1143,1143,1330,2473,0,2,1,4,9,1,2004.0,3,852,192,151,0,317000
69.0,19900,7,1970,1989,287.0,912,1035,1947,2207,0,2207,1,2,0,3,7,1,1970.0,2,576,301,0,0,180000
72.0,10665,7,2003,2003,167.0,1013,440,1453,1479,0,1479,1,2,0,3,7,0,2003.0,2,558,144,29,0,226000
47.0,4608,4,1945,1950,0.0,0,747,747,747,0,747,0,1,0,2,4,0,1945.0,1,220,0,0,0,80000
81.0,15593,7,1953,1953,0.0,603,701,1304,1304,983,2287,0,2,0,3,7,1,1953.0,2,667,0,21,0,225000
95.0,13651,7,1973,1973,1115.0,1880,343,2223,2223,0,2223,1,2,0,3,8,2,1973.0,2,516,300,0,0,244000
69.0,7599,4,1982,2006,0.0,565,280,845,845,0,845,1,1,0,2,4,0,1987.0,2,360,0,0,0,129500
74.0,10141,7,1998,1998,40.0,0,832,832,885,833,1718,0,2,1,3,7,1,1998.0,2,427,0,94,291,185000
85.0,10200,5,1954,2003,104.0,320,404,1086,1086,0,1086,1,1,0,3,6,0,1989.0,2,490,0,0,0,144900
60.0,5790,3,1915,1950,0.0,0,840,840,840,765,1605,0,2,0,3,8,0,1915.0,1,379,0,0,0,107400
21.0,1596,4,1973,1973,0.0,462,0,462,526,462,988,1,1,0,2,5,0,1973.0,1,297,120,101,0,91000
69.0,8475,4,1956,1956,0.0,228,724,952,952,0,952,0,1,0,2,4,0,1956.0,1,283,0,0,0,135750
50.0,8635,5,1948,2001,0.0,336,295,672,1072,213,1285,1,1,0,2,6,0,1948.0,1,240,0,0,0,127000
72.0,10778,4,1968,1968,0.0,0,1768,1768,1768,0,1768,0,2,0,4,8,0,1980.0,0,0,0,0,0,136500
60.0,10440,5,1910,1981,0.0,0,440,440,682,548,1230,0,1,1,2,5,0,1966.0,2,440,74,0,0,110000
100.0,13000,6,1968,1968,576.0,448,448,896,1182,960,2142,0,2,1,4,8,1,1968.0,1,509,0,72,252,193500
32.0,4500,6,1998,1998,443.0,1201,36,1237,1337,0,1337,1,2,0,2,5,0,1998.0,2,405,0,199,0,153500
78.0,10206,8,2007,2007,468.0,33,1530,1563,1563,0,1563,0,2,0,3,6,1,2007.0,3,758,144,99,0,245000
80.0,8892,5,1960,1960,66.0,0,1065,1065,1065,0,1065,0,1,1,3,6,0,1974.0,2,461,74,0,0,126500
69.0,8530,7,1995,1996,22.0,0,384,384,804,670,1474,0,2,1,3,7,1,1995.0,2,400,120,72,0,168500
121.0,16059,8,1991,1992,284.0,0,1288,1288,1301,1116,2417,0,2,1,4,9,1,1991.0,2,462,127,82,0,260000
122.0,11911,6,2005,2005,0.0,0,684,684,684,876,1560,0,2,1,3,6,1,2005.0,2,400,100,38,0,174000
40.0,3951,6,2009,2009,76.0,0,612,612,612,612,1224,0,2,1,2,4,0,2009.0,2,528,0,234,0,164500
105.0,8470,3,1915,1982,0.0,0,1013,1013,1013,0,1526,0,1,0,2,6,0,1980.0,0,0,0,0,0,85000
60.0,8070,4,1994,1995,0.0,588,402,990,990,0,990,1,1,0,3,5,0,1980.0,0,0,0,0,0,123600
60.0,7200,4,1950,1950,0.0,0,0,0,1040,0,1040,0,1,0,2,4,0,1950.0,2,420,0,29,0,109900
85.0,8500,5,1961,1961,203.0,600,635,1235,1235,0,1235,0,1,0,2,6,0,1961.0,2,480,0,0,0,98600
80.0,13360,5,1921,2006,0.0,713,163,876,964,0,964,1,1,0,2,5,0,1921.0,2,432,0,0,0,163500
60.0,7200,6,1910,1998,0.0,1046,168,1214,1260,1031,2291,0,2,0,4,9,1,1900.0,2,506,0,0,99,133900
69.0,9337,6,1997,1997,0.0,648,176,824,905,881,1786,1,2,1,3,7,0,1997.0,2,684,0,162,0,204750
69.0,9765,6,1993,1993,68.0,310,370,680,680,790,1470,0,2,1,3,6,1,1993.0,2,420,232,63,0,185000
78.0,10264,7,1999,1999,183.0,1162,426,1588,1588,0,1588,0,2,0,3,6,0,1999.0,2,472,158,29,0,214000
73.0,10921,4,1965,1965,48.0,520,440,960,960,0,960,1,1,0,3,6,0,1965.0,1,432,120,0,0,94750
85.0,10625,5,1920,1950,0.0,108,350,458,835,0,835,0,1,0,2,5,0,1920.0,1,366,0,0,0,83000
77.0,9320,4,1959,1959,0.0,569,381,950,1225,0,1225,1,1,1,3,6,0,1980.0,0,0,352,0,0,128950
69.0,10603,6,1977,2001,28.0,1200,410,1610,1610,0,1610,1,2,0,3,6,2,1977.0,2,480,168,68,0,205000
77.0,9206,6,1985,1985,336.0,0,741,741,977,755,1732,0,2,1,3,7,1,1985.0,2,476,192,46,0,178000
64.0,7018,5,1979,1979,0.0,0,0,0,1535,0,1535,0,2,0,4,8,0,1979.0,2,410,0,0,0,118964
94.0,10402,7,2009,2009,0.0,0,1226,1226,1226,0,1226,0,2,0,3,6,0,2009.0,3,740,0,36,0,198900
69.0,7758,7,1931,1950,600.0,224,816,1040,1226,592,1818,0,1,1,4,7,2,1951.0,1,240,0,0,184,169500
75.0,9375,8,2003,2004,768.0,0,1053,1053,1053,939,1992,0,2,1,3,9,1,2003.0,2,648,140,45,0,250000
60.0,10800,4,1885,1995,0.0,0,641,641,1047,0,1047,0,1,0,2,6,0,1954.0,1,273,0,0,0,100000
50.0,6000,5,1948,1950,0.0,104,516,789,789,0,789,0,1,0,2,5,0,1948.0,1,250,0,0,0,115000
85.0,8500,5,1919,2005,0.0,0,793,793,997,520,1517,0,2,0,3,7,0,1980.0,0,0,0,0,0,115000
105.0,11751,6,1977,1977,480.0,705,1139,1844,1844,0,1844,0,2,0,3,7,1,1977.0,2,546,0,122,0,190000
75.0,9525,6,1954,1972,0.0,444,550,994,1216,639,1855,0,2,0,4,7,0,1954.0,1,325,182,0,0,136900
69.0,7750,7,2000,2000,0.0,250,134,384,774,656,1430,0,2,1,3,7,1,2000.0,2,400,180,0,0,180000
77.0,9965,7,2007,2007,220.0,984,280,1264,1282,1414,2696,1,2,1,4,10,1,2007.0,3,792,120,184,168,383970
69.0,21000,6,1953,1953,184.0,35,905,1809,2259,0,2259,1,2,0,3,7,2,1953.0,2,450,166,120,0,217000
61.0,7259,6,1945,2002,0.0,774,104,1028,1436,884,2320,1,2,1,3,9,1,1945.0,1,180,224,0,0,259500
34.0,3230,6,1999,1999,1129.0,419,310,729,729,729,1458,0,2,1,2,5,1,1999.0,2,440,0,32,0,176000
69.0,11616,5,1962,1962,116.0,170,252,1092,1092,0,1092,0,1,0,3,6,1,1962.0,1,288,0,20,0,139000
74.0,8536,5,2006,2007,0.0,0,1125,1125,1125,0,1125,0,1,1,2,5,0,2007.0,2,430,80,64,0,155000
90.0,12376,7,1990,1990,0.0,1470,203,1673,1699,1523,3222,1,3,0,5,11,2,1990.0,3,594,367,0,0,320000
65.0,8461,6,2005,2006,0.0,0,728,728,728,728,1456,0,2,1,3,8,1,2005.0,2,390,0,24,0,163990
69.0,21453,6,1969,1969,0.0,938,0,938,988,0,988,1,1,0,1,4,2,1969.0,2,540,0,130,0,180000
50.0,6060,4,1939,1950,0.0,0,732,732,772,351,1123,0,1,0,3,4,0,1979.0,1,264,0,0,0,100000
75.0,9464,6,1958,1958,135.0,570,510,1080,1080,0,1080,0,1,0,3,5,0,1958.0,1,288,0,0,130,136000
55.0,7892,6,1993,1993,0.0,300,899,1199,1199,0,1199,0,2,0,2,5,0,1993.0,2,530,0,63,0,153900
48.0,17043,6,1979,1998,0.0,0,1362,1362,1586,0,1586,0,2,0,3,7,1,1979.0,2,435,192,0,0,181000
60.0,6780,6,1935,1982,0.0,490,30,520,520,0,754,1,1,0,2,5,0,1980.0,0,0,53,0,0,84500
69.0,4928,6,1976,1976,0.0,120,958,1078,958,0,958,0,2,0,2,5,1,1977.0,2,440,0,205,0,128000
55.0,4388,5,1930,1950,0.0,116,556,672,840,0,840,0,1,0,3,5,1,1980.0,0,0,0,0,0,87000
69.0,7590,6,1966,1966,266.0,512,148,660,660,688,1348,0,1,1,3,6,1,1966.0,2,453,188,108,0,155000
69.0,8973,5,1958,1991,85.0,567,413,1008,1053,0,1053,0,1,1,3,6,0,1998.0,2,750,0,80,0,150000
88.0,14200,7,1966,1966,309.0,445,479,924,1216,941,2157,0,2,1,4,8,2,1966.0,2,487,105,66,0,226000
69.0,12224,6,2000,2000,40.0,695,297,992,1022,1032,2054,1,2,1,3,7,1,2000.0,2,390,24,48,0,244000
75.0,7388,5,1959,2002,0.0,405,658,1063,1327,0,1327,1,1,0,3,7,0,1974.0,2,624,0,0,0,150750
69.0,6853,8,2001,2002,136.0,1005,262,1267,1296,0,1296,1,2,0,2,6,0,2001.0,2,471,192,25,0,220000
78.0,10335,5,1968,1993,0.0,570,891,1461,1721,0,1721,0,2,1,3,7,1,1968.0,2,440,0,96,0,180000
80.0,10400,7,1970,1970,288.0,0,1304,1304,1682,0,1682,0,2,0,3,7,1,1970.0,2,530,98,0,0,174000
69.0,10355,5,1967,1967,196.0,695,519,1214,1214,0,1214,0,2,0,3,5,1,1967.0,1,318,0,111,0,143000
82.0,11070,7,1988,1989,70.0,0,1907,1907,1959,0,1959,0,3,0,5,9,0,1989.0,3,766,0,0,0,171000
73.0,9066,8,1999,2000,320.0,668,336,1004,1004,848,1852,0,2,1,3,7,2,1999.0,3,660,224,106,0,230000
65.0,15426,6,1997,1997,0.0,821,107,928,928,836,1764,1,2,1,3,7,0,1997.0,2,470,276,99,0,231500
70.0,10500,4,1971,1971,0.0,432,432,864,864,0,864,0,1,0,3,5,1,1980.0,0,0,0,0,0,115000
78.0,11645,7,2005,2005,0.0,1300,434,1734,1734,0,1734,1,2,0,3,7,0,2005.0,2,660,160,24,0,260000
71.0,8520,5,1952,1952,0.0,507,403,910,910,475,1385,0,2,0,4,6,0,2000.0,2,720,0,0,0,166000
78.0,10335,7,1999,1999,183.0,679,811,1490,1501,0,1501,1,2,0,3,6,0,1999.0,2,577,144,29,0,204000
70.0,9100,5,1963,1963,336.0,1332,396,1728,1728,0,1728,1,2,0,6,10,0,1963.0,2,504,0,0,0,125000
24.0,2522,6,2004,2006,50.0,0,970,970,970,739,1709,0,2,0,3,7,0,2004.0,2,380,0,40,0,130000
51.0,6120,5,1931,1993,0.0,209,506,715,875,0,875,1,1,0,2,5,0,1931.0,1,180,48,0,0,105000
69.0,9505,7,2001,2001,180.0,0,884,884,884,1151,2035,0,2,1,3,8,1,2001.0,2,434,144,48,0,222500
63.0,7500,7,2004,2005,120.0,680,400,1080,1080,0,1080,1,1,0,3,6,0,1980.0,0,0,0,0,0,141000
69.0,6240,5,1936,1950,0.0,0,896,896,896,448,1344,0,1,0,3,7,0,1936.0,1,240,200,114,0,115000
120.0,10356,5,1975,1975,0.0,716,253,969,969,0,969,0,1,1,3,5,0,1975.0,2,440,0,0,0,122000
107.0,13891,8,2007,2008,436.0,1400,310,1710,1710,0,1710,1,2,0,2,6,1,2007.0,3,866,0,102,0,372402
69.0,14803,6,1971,1971,252.0,416,409,825,1097,896,1993,0,2,1,4,8,1,1971.0,2,495,0,66,0,190000
69.0,13500,6,1960,1975,0.0,429,93,1602,1252,0,1252,1,1,0,1,4,1,1960.0,2,564,409,0,0,235000
84.0,11340,6,1923,1950,0.0,0,1200,1200,1200,0,1200,0,1,0,4,7,0,1923.0,1,312,0,0,0,125000
60.0,9600,6,1924,1950,0.0,0,572,572,572,524,1096,0,1,0,2,5,0,1980.0,0,0,0,8,0,79000
60.0,7200,5,1950,1950,0.0,0,0,0,1040,0,1040,0,1,0,2,5,0,1950.0,2,625,0,0,0,109500
92.0,12003,8,2009,2010,84.0,0,774,774,774,1194,1968,0,2,1,4,8,1,2009.0,3,680,0,75,0,269500
100.0,12552,7,2004,2005,0.0,222,769,991,991,956,1947,0,2,1,3,8,1,2004.0,2,678,0,136,0,254900
134.0,19378,7,2005,2006,456.0,57,1335,1392,1392,1070,2462,1,2,1,4,9,1,2006.0,2,576,239,132,0,320000
69.0,11120,6,1984,1984,0.0,660,572,1232,1232,0,1232,0,2,0,3,6,0,1984.0,2,516,0,0,0,162500
110.0,13688,9,2003,2004,664.0,1016,556,1572,1572,1096,2668,1,2,1,3,10,2,2003.0,3,726,400,0,0,412500
95.0,12182,7,2005,2005,226.0,1201,340,1541,1541,0,1541,0,2,0,3,7,1,2005.0,2,532,0,70,0,220000
55.0,5500,4,1956,1956,0.0,0,882,882,882,0,882,0,1,0,1,4,0,1980.0,0,0,0,0,0,103200
40.0,5400,6,1926,2004,0.0,370,779,1149,1149,467,1616,0,2,0,3,5,0,1926.0,1,216,0,0,0,152000
62.0,10106,5,1940,1999,0.0,351,112,644,808,547,1355,1,2,0,4,6,0,1980.0,0,0,140,0,0,127500
69.0,10708,5,1955,1993,0.0,379,470,1617,1867,0,1867,1,1,0,2,7,3,1955.0,1,303,476,0,142,190000
86.0,10562,8,2007,2007,300.0,1288,294,1582,1610,551,2161,1,1,1,3,8,1,2007.0,3,789,178,120,0,325624
62.0,8244,7,2004,2004,0.0,0,840,840,840,880,1720,0,2,1,3,7,1,2004.0,2,440,100,48,0,183500
69.0,16669,8,1981,1981,653.0,0,1686,1686,1707,0,1707,0,2,1,2,6,1,1981.0,2,511,574,64,0,228000
69.0,12358,5,1941,1950,0.0,360,360,720,854,0,1382,0,1,1,2,7,0,1991.0,2,660,237,0,0,128500
141.0,31770,6,1960,1960,112.0,639,441,1080,1656,0,1656,1,1,0,3,7,2,1960.0,2,528,210,62,0,215000
44.0,5306,7,1987,1987,0.0,495,354,1064,1064,703,1767,1,2,0,2,5,1,1987.0,2,504,441,35,0,239000
80.0,10197,6,1961,1961,491.0,288,700,1362,1362,0,1362,1,1,1,3,6,1,1961.0,2,504,0,20,0,163000
47.0,12416,6,1986,1986,132.0,1398,0,1606,1651,0,1651,1,2,0,3,7,1,1986.0,2,616,192,0,0,184000
84.0,12615,6,1950,2001,0.0,477,725,1202,2158,0,2158,1,2,0,4,7,1,1950.0,2,576,0,29,0,243000
97.0,10029,6,1988,1989,268.0,831,320,1151,1164,896,2060,0,2,1,4,8,1,1988.0,2,521,0,228,192,211000
69.0,13650,5,1958,1958,0.0,57,554,1052,1252,668,1920,1,2,0,4,8,1,1958.0,2,451,0,0,0,172500
63.0,17423,9,2008,2009,748.0,1904,312,2216,2234,0,2234,1,2,0,1,9,1,2009.0,3,1166,0,60,0,501837
60.0,8520,5,1923,2006,0.0,0,968,968,968,0,968,0,1,0,2,5,0,1935.0,2,480,0,0,0,100000
69.0,2117,6,2000,2000,456.0,436,320,756,769,756,1525,0,2,1,3,5,1,2000.0,2,440,0,0,0,177000
54.0,7588,7,1920,1950,0.0,352,441,793,901,901,1802,0,1,1,4,9,1,1920.0,1,216,0,0,0,200100
60.0,9060,5,1957,2006,98.0,0,0,0,1340,0,1340,0,1,0,3,7,1,1957.0,1,252,116,0,0,120000
63.0,11426,7,2003,2003,0.0,0,1362,1362,1362,720,2082,0,2,1,3,6,0,2003.0,2,484,280,238,0,200000
92.0,7438,5,1908,1991,0.0,0,504,504,936,316,1252,0,1,0,3,5,0,1986.0,2,576,104,0,0,127000
90.0,22950,10,1892,1993,0.0,0,1107,1107,1518,1518,3608,0,2,1,4,12,2,1993.0,3,840,0,260,410,475000
69.0,9947,7,1990,1991,0.0,611,577,1188,1217,0,1217,1,2,0,3,6,0,1990.0,2,497,168,27,0,173000
60.0,10410,5,1916,1987,0.0,0,660,660,808,704,1656,0,2,1,3,8,0,1916.0,1,180,0,0,0,135000
64.0,7018,5,1979,1979,275.0,1086,0,1086,1224,0,1224,2,0,2,2,6,2,1979.0,2,528,120,0,0,153337
41.0,4923,8,2001,2002,0.0,1153,440,1593,1593,0,1593,1,1,1,0,5,1,2001.0,2,682,0,120,224,286000
70.0,10570,8,1932,1994,0.0,297,556,853,1549,1178,2727,0,2,1,3,10,2,1932.0,2,440,0,74,0,315000
69.0,7472,7,1972,2004,138.0,626,99,725,725,754,1479,1,1,1,4,7,0,1972.0,2,484,0,32,0,184000
68.0,9017,7,1999,1999,0.0,560,871,1431,1431,0,1431,1,2,0,3,6,0,1999.0,2,666,0,35,0,192000
24.0,2522,7,2004,2004,50.0,0,970,970,970,739,1709,0,2,0,3,7,0,2004.0,2,380,0,40,0,130000
60.0,7180,5,1972,1972,0.0,390,474,864,864,0,864,0,1,0,3,5,0,1989.0,1,352,0,0,0,127000
24.0,2280,6,1976,1976,0.0,566,289,855,855,601,1456,0,2,1,3,7,1,1976.0,2,440,87,0,0,148500
79.0,9416,7,2007,2007,205.0,1126,600,1726,1726,0,1726,1,2,0,3,8,1,2007.0,3,786,171,138,266,311872
174.0,25419,8,1918,1990,0.0,1036,140,1360,1360,1360,3112,1,2,0,4,8,1,1918.0,2,795,0,16,0,235000
92.0,5520,6,1912,1950,0.0,0,755,755,929,929,2229,0,1,0,5,8,0,1980.0,0,0,0,198,0,104000
76.0,9591,8,2004,2005,262.0,1088,625,1713,1713,0,1713,1,2,0,3,7,1,2004.0,3,856,0,26,170,274900
80.0,8546,4,2003,2004,0.0,0,1121,1121,1121,0,1121,0,2,0,2,5,0,2003.0,2,440,132,64,0,140000
75.0,10125,6,1977,1977,0.0,641,276,1196,1279,0,1279,0,2,0,3,6,2,1980.0,2,473,238,83,0,171500
50.0,7000,6,1924,1950,0.0,617,0,617,865,445,1310,0,2,0,2,6,0,1924.0,1,398,0,0,0,112000
69.0,4438,6,2004,2004,205.0,662,186,848,848,0,848,1,1,0,1,3,1,2004.0,2,420,149,0,0,149000
50.0,3500,5,1947,1950,0.0,312,408,720,720,564,1284,0,1,1,2,5,0,1948.0,1,240,0,35,0,110000
99.0,11851,7,1990,1990,0.0,0,1424,1424,1442,0,1442,0,2,0,3,5,0,1990.0,2,500,0,34,0,180500
40.0,13673,5,1962,1962,0.0,0,1140,1140,1696,0,1696,0,1,1,3,8,1,1962.0,1,349,0,30,0,143900
69.0,12493,4,1960,1960,0.0,419,375,1100,1100,0,1100,1,1,0,3,6,1,1960.0,1,312,355,0,0,141000
69.0,14364,7,1988,1989,128.0,1065,92,1157,1180,882,2062,1,2,1,3,7,1,1988.0,2,454,60,55,154,277000
75.0,8250,6,1964,1964,260.0,787,305,1092,1092,0,1092,1,1,0,3,6,0,1964.0,2,504,0,0,0,145000
67.0,5604,5,1925,1950,0.0,468,396,864,864,0,864,1,1,0,2,5,0,1980.0,0,0,0,0,0,98000
83.0,10420,6,2009,2009,0.0,36,1176,1212,1212,0,1212,0,2,0,3,6,0,2009.0,2,460,100,22,0,186000
72.0,8640,7,2009,2009,0.0,822,78,900,932,920,1852,1,2,1,3,7,1,2009.0,2,644,168,108,0,252678
43.0,13568,5,1995,1995,0.0,716,274,990,990,0,990,0,1,0,3,5,0,1996.0,2,576,224,0,0,156000
69.0,10900,6,1977,1977,153.0,378,311,689,689,703,1392,0,1,1,3,6,0,1977.0,1,299,0,36,0,161750
72.0,10011,5,1957,1996,64.0,360,710,1070,1236,0,1236,0,1,0,2,6,1,1957.0,1,447,0,0,0,134450
65.0,8450,7,2004,2004,266.0,946,490,1436,1436,0,1436,1,2,0,3,8,0,2004.0,2,484,139,98,0,210000
57.0,9906,4,1925,1950,0.0,0,686,686,810,518,1328,0,1,0,3,8,0,1940.0,1,210,0,172,0,107000
69.0,15660,7,1939,2006,312.0,341,457,798,1137,817,1954,0,1,1,3,8,2,1939.0,2,431,0,119,0,311500
43.0,3010,7,2005,2006,16.0,16,1232,1248,1248,0,1248,0,2,0,2,5,0,2005.0,2,438,108,0,0,167240
73.0,8990,7,2006,2006,0.0,0,1498,1498,1498,0,1498,0,2,0,2,5,0,2006.0,2,675,351,33,0,204900
69.0,8068,6,2002,2002,0.0,0,1010,1010,1010,1257,2267,0,2,1,4,8,1,2002.0,2,390,120,46,0,200000
85.0,11475,6,1975,1975,0.0,550,163,713,811,741,1552,1,2,1,3,6,1,1975.0,2,434,209,208,0,179900
70.0,10500,4,1971,1971,0.0,524,160,864,864,0,864,0,1,0,2,4,0,1989.0,2,576,216,0,0,97000
103.0,13472,10,2003,2003,922.0,56,2336,2392,2392,0,2392,0,2,0,3,8,1,2003.0,3,968,248,105,0,386250
21.0,1680,5,1971,1971,142.0,0,630,630,630,672,1302,0,2,1,3,6,0,1991.0,1,280,0,0,0,112000
82.0,9950,7,1995,1995,290.0,565,638,1203,1214,1306,2520,0,2,1,4,9,1,1995.0,3,721,224,114,0,290000
21.0,1869,6,1970,1970,127.0,321,162,483,483,504,987,0,1,1,2,5,0,1987.0,1,280,0,0,0,106000
70.0,8521,5,1967,1967,0.0,842,70,912,912,0,912,0,1,0,3,5,1,1974.0,1,336,0,0,0,125000
43.0,3182,7,2005,2006,16.0,16,1357,1373,1555,0,1555,0,2,0,2,7,1,2005.0,2,430,143,20,0,192500
73.0,8760,6,1959,1959,220.0,0,1194,1194,1194,0,1194,1,1,0,3,6,0,1959.0,1,312,0,0,0,148000
174.0,15138,8,1995,1996,506.0,689,773,1462,1490,1304,2794,1,2,1,4,9,1,1995.0,3,810,0,146,0,403000
21.0,1680,6,1972,1972,297.0,0,483,483,483,504,987,0,1,1,2,5,1,1972.0,1,288,0,0,0,94500
75.0,10650,5,1976,1976,0.0,182,0,894,894,0,894,1,1,0,3,5,0,1976.0,1,308,365,0,0,128200
69.0,7851,6,2002,2002,0.0,625,235,860,860,1100,1960,1,2,1,4,8,2,2002.0,2,440,288,48,0,216500
21.0,1680,6,1971,1971,604.0,358,125,483,483,504,987,0,1,1,2,5,0,1971.0,1,264,0,0,0,89500
65.0,8773,7,2004,2004,98.0,24,1390,1414,1414,0,1414,0,2,0,3,6,0,2004.0,2,494,132,105,0,185500
69.0,9453,7,1993,2003,0.0,402,594,996,1014,730,1744,0,2,1,3,7,0,1993.0,2,457,370,70,0,194500
93.0,12030,8,2007,2007,254.0,0,1694,1694,1694,0,1694,0,2,0,3,7,0,2007.0,3,818,168,228,0,318000
52.0,8741,6,1945,1950,0.0,94,641,735,798,689,1487,0,1,1,3,7,1,1949.0,1,220,0,140,0,113000
75.0,9000,8,2008,2008,36.0,1078,488,1566,1566,0,1566,1,2,0,3,7,0,2008.0,2,750,144,168,0,262500
40.0,3880,5,1945,1997,0.0,329,357,686,866,0,866,0,1,0,2,4,0,1980.0,0,0,58,42,0,110500
63.0,5000,5,1900,1950,0.0,0,540,540,889,551,1440,0,1,0,3,6,0,1940.0,1,352,0,0,0,79000
75.0,10762,6,1980,1980,0.0,0,626,626,626,591,1217,0,1,1,3,6,1,1980.0,1,288,0,28,0,120000
69.0,8880,7,1994,2002,0.0,695,253,948,1222,888,2110,1,2,1,3,8,2,1994.0,2,463,0,130,0,205000
80.0,10400,7,1988,1988,102.0,929,916,1845,1872,0,1872,0,2,0,3,6,1,1988.0,2,604,197,39,0,241500
69.0,9142,6,1910,1950,0.0,0,1020,1020,908,1020,1928,0,2,0,4,9,0,1910.0,1,440,0,60,0,137000
75.0,11310,6,1954,1954,0.0,0,1367,1367,1375,0,1375,0,1,0,2,5,1,1954.0,2,451,0,30,0,140000
72.0,11317,7,2003,2003,101.0,0,840,840,840,828,1668,0,2,1,3,8,0,2003.0,2,500,144,68,0,180000
69.0,159000,6,1958,2006,472.0,697,747,1444,1444,700,2144,0,2,0,4,7,2,1958.0,2,389,0,98,0,277000
55.0,5350,3,1940,1966,0.0,0,728,728,1306,0,1306,0,1,0,3,6,0,1980.0,0,0,263,0,0,76500
44.0,4750,8,2006,2007,481.0,1573,0,1573,1625,0,1625,1,2,0,2,5,1,2006.0,2,538,123,0,153,235000
65.0,8366,6,2004,2004,0.0,0,798,798,798,842,1640,0,2,1,3,6,0,2004.0,2,520,138,45,0,173000
85.0,9350,6,1964,1991,108.0,270,452,1302,1302,0,1302,0,2,0,3,7,0,1964.0,1,309,333,0,0,158000
70.0,8400,5,1957,1957,0.0,922,392,1314,1314,0,1314,1,1,0,3,5,0,1957.0,1,294,250,0,0,145000
66.0,8738,7,1999,1999,302.0,0,975,975,1005,1286,2291,0,2,1,4,8,1,1999.0,2,429,192,0,0,230000
64.0,8791,6,2003,2003,0.0,503,361,864,864,864,1728,0,2,1,3,7,0,2003.0,2,673,216,56,0,207500
68.0,8814,7,2006,2006,180.0,1334,270,1604,1604,0,1604,1,2,1,3,8,1,2006.0,2,660,123,110,0,220000
80.0,12435,7,2001,2001,172.0,361,602,963,963,829,1792,0,2,1,3,7,1,2001.0,2,564,0,96,0,231500
70.0,12702,5,1956,1956,0.0,0,0,0,882,0,882,0,1,0,2,4,0,1956.0,1,308,0,45,0,97000
120.0,19296,6,1962,1962,399.0,672,0,1362,1382,0,1382,1,1,0,3,6,1,1991.0,2,884,0,0,0,176000
69.0,9588,8,2007,2007,270.0,0,1482,1482,1482,1092,2574,0,2,1,3,10,1,2007.0,3,868,0,148,0,276000
88.0,8471,6,1977,1995,46.0,506,0,506,1212,0,1212,1,1,0,3,6,1,1978.0,2,492,292,12,0,151000
50.0,5500,5,1929,2001,0.0,234,0,926,926,0,1316,1,1,0,3,6,0,1974.0,2,484,0,0,0,130000
30.0,5232,5,1925,2004,0.0,0,680,680,764,0,764,0,1,0,2,4,0,1965.0,2,504,0,0,0,73000
78.0,12090,6,1981,1981,210.0,588,606,1422,1422,0,1422,0,2,0,3,7,1,1981.0,2,576,276,0,0,175500
70.0,11207,6,1997,1997,0.0,714,88,802,802,709,1511,1,2,1,3,8,1,1997.0,2,413,95,75,0,185000
60.0,8400,5,1939,1997,0.0,378,342,720,1052,720,2192,0,2,1,4,8,1,1939.0,1,240,262,24,0,179500
71.0,6900,5,1940,1955,0.0,403,212,740,778,0,778,0,1,0,2,4,1,1966.0,1,924,0,25,0,120500
69.0,7917,6,1976,1976,174.0,751,392,1143,1113,0,1113,1,1,1,3,6,1,1987.0,1,504,370,30,0,148000
84.0,10728,8,2006,2006,0.0,0,1095,1095,1095,844,1939,0,2,1,3,8,1,2006.0,3,1053,192,51,0,266000
73.0,39104,7,1954,2005,0.0,226,96,1385,1363,0,1363,1,1,0,2,5,2,1954.0,2,439,81,0,0,241500
92.0,11764,8,1999,2007,348.0,524,628,1152,1164,1106,2270,0,2,1,4,9,1,1999.0,3,671,132,57,0,290000
80.0,9600,6,1958,1988,183.0,620,0,1240,1632,0,1632,1,2,0,3,6,1,1958.0,1,338,289,0,0,139000
76.0,8314,5,1982,1982,0.0,546,270,816,816,0,816,0,1,0,2,5,0,1982.0,1,264,168,0,0,124500
55.0,7264,7,1925,2007,0.0,0,952,952,952,596,1548,0,2,1,3,5,0,1978.0,2,672,74,0,144,205000
129.0,9196,7,2003,2003,0.0,0,1560,1560,1560,0,1560,0,2,0,3,7,0,2003.0,2,573,100,150,0,201000
140.0,19138,4,1951,1951,0.0,120,744,864,864,0,864,0,1,0,2,4,0,1951.0,2,400,0,0,0,141000
107.0,14450,9,2006,2007,315.0,0,2121,2121,2121,0,2121,0,2,1,3,8,1,2007.0,3,732,124,98,142,415298
83.0,10005,7,1977,1977,299.0,392,768,1160,1156,866,2022,0,2,1,4,8,1,1977.0,2,505,288,117,0,192000
82.0,11287,7,1989,1989,340.0,421,386,807,1175,807,1982,0,2,1,3,7,1,1989.0,2,575,0,84,0,228500
60.0,7200,6,2006,2006,68.0,905,357,1262,1262,0,1262,0,2,0,2,5,0,2006.0,2,572,0,120,0,185000
34.0,5063,7,2007,2008,166.0,904,410,1314,1314,0,1314,1,2,0,2,6,1,2008.0,2,626,172,62,0,207500
74.0,9612,8,2008,2009,72.0,0,1468,1468,1468,0,1468,0,2,0,3,6,1,2008.0,3,898,210,150,0,244600
50.0,8012,6,1992,1992,0.0,430,1145,1575,1575,0,1575,1,2,0,2,5,0,1992.0,2,529,0,0,0,179200
35.0,4251,7,2006,2007,0.0,0,625,625,625,625,1250,0,2,1,2,5,0,2006.0,2,528,0,54,0,164700
77.0,9786,6,1962,1981,0.0,600,312,912,1085,649,1734,0,1,1,3,7,1,1962.0,2,440,0,0,128,159000
69.0,8125,4,1971,1971,0.0,614,244,858,858,0,858,0,1,0,3,5,0,1980.0,0,0,0,0,0,88000
69.0,9819,5,1967,1967,31.0,450,432,882,900,0,900,0,1,0,3,5,0,1970.0,1,280,0,0,0,122000
60.0,8730,6,1915,2003,0.0,0,698,698,698,698,1396,0,1,0,3,7,0,2003.0,1,384,0,0,259,153575
120.0,15611,8,2006,2006,0.0,0,1079,1079,1079,840,1919,0,2,1,3,8,1,2006.0,2,685,0,51,0,233230
55.0,5687,5,1912,2000,0.0,210,570,780,936,780,1716,1,2,0,6,9,0,1980.0,0,0,0,184,0,135900
60.0,11409,5,1949,2008,0.0,292,476,768,1148,568,1716,0,1,1,3,8,1,1949.0,1,281,0,0,160,131000
69.0,16659,7,1977,1994,34.0,795,0,795,1468,795,2263,1,2,1,3,9,1,1977.0,2,539,0,250,0,235000
80.0,9600,6,1953,1953,238.0,1285,131,1416,1644,0,1644,1,1,0,3,7,2,1953.0,2,418,110,0,0,167000
37.0,7937,6,1984,1984,0.0,819,184,1003,1003,0,1003,1,1,0,3,6,0,1984.0,2,588,120,0,0,142500
75.0,13710,5,1950,1950,0.0,420,490,910,910,648,1558,0,1,1,4,6,0,1950.0,1,282,289,0,0,152000
66.0,7399,7,1997,1998,1600.0,649,326,975,975,975,1950,0,2,1,3,7,1,1997.0,2,576,0,10,198,239000
90.0,11700,6,1968,1968,365.0,384,143,702,1041,702,1743,0,1,2,3,7,1,1968.0,2,539,224,0,0,175000
80.0,14000,6,1950,2004,0.0,0,1092,1092,1152,0,1152,0,1,0,3,6,1,1950.0,1,300,0,36,0,158500
90.0,15750,5,1953,1953,56.0,841,324,1165,1336,0,1336,1,1,0,2,5,2,1953.0,1,375,0,0,0,157000
66.0,16226,8,1998,1999,0.0,281,747,1028,1210,1242,2452,0,2,1,4,9,1,1998.0,2,683,208,50,0,267000
118.0,13704,7,2001,2002,150.0,0,1541,1541,1541,0,1541,0,2,0,3,6,1,2001.0,3,843,468,81,0,205000
70.0,9800,5,1972,1972,0.0,894,0,894,894,0,894,1,1,0,3,5,0,1975.0,2,552,256,0,0,149900
87.0,18386,7,1880,2002,0.0,0,1470,1470,1675,1818,3493,0,3,0,3,10,1,2003.0,3,870,302,0,0,295000
80.0,10386,8,2004,2005,246.0,1464,536,2000,2000,0,2000,1,2,0,3,8,0,2004.0,3,888,168,0,0,305900
116.0,13474,7,1990,1991,246.0,700,0,700,1122,1121,2243,1,2,1,4,8,1,1990.0,3,746,127,44,0,225000
69.0,7920,6,1920,1950,0.0,0,319,319,1035,371,1406,0,1,0,3,6,0,1980.0,0,0,0,144,0,89500
69.0,12342,4,1940,1950,0.0,262,599,861,861,0,861,0,1,0,1,4,0,1961.0,2,539,158,0,0,82500
90.0,12378,9,2003,2004,0.0,1274,622,1896,1944,0,1944,1,2,0,3,8,3,2003.0,3,708,208,175,0,360000
69.0,7685,6,1993,1994,112.0,518,179,697,697,804,1501,0,2,1,3,6,1,1993.0,2,420,190,63,0,165600
50.0,8000,6,1948,2002,0.0,680,292,972,972,0,972,1,1,0,2,5,1,1948.0,1,240,0,0,0,132000
65.0,7800,5,1939,1950,0.0,507,286,793,793,325,1118,1,1,0,3,5,1,1939.0,2,410,0,0,271,119900
150.0,215245,7,1965,1965,0.0,1236,80,2136,2036,0,2036,2,2,0,3,8,2,1965.0,2,513,0,0,0,375000
60.0,9600,7,1925,1990,0.0,16,712,728,832,809,1641,0,1,1,3,6,1,1925.0,2,546,0,0,0,178000
71.0,7795,7,2004,2005,0.0,425,291,716,716,716,1432,1,2,1,3,6,1,2004.0,2,432,100,51,0,188500
94.0,13005,7,1980,1980,278.0,692,153,845,1153,1200,2353,1,2,1,4,10,1,1983.0,2,484,288,195,0,260000
75.0,9000,8,2006,2006,0.0,0,1088,1088,1088,871,1959,0,2,1,3,8,1,2006.0,3,1025,208,46,0,270000
90.0,9900,7,1993,1993,256.0,987,360,1347,1372,1274,2646,1,2,1,4,9,1,1993.0,3,656,340,60,0,260000
69.0,14115,7,1980,1980,225.0,1036,336,1372,1472,0,1472,1,2,0,3,6,2,1980.0,2,588,233,48,0,187500
111.0,16259,9,2006,2006,370.0,0,1249,1249,1249,1347,2596,0,3,1,4,9,0,2006.0,3,840,240,154,0,342643
99.0,12099,8,2004,2004,388.0,970,166,1136,1136,1332,2468,1,2,1,4,10,1,2004.0,3,872,184,154,0,354000
86.0,10380,7,1986,1987,172.0,28,0,1502,1553,1177,2730,1,2,1,4,8,1,1987.0,2,576,201,96,0,301000
49.0,5820,3,1955,2005,0.0,256,906,1162,1163,0,1163,1,1,0,3,6,0,1955.0,1,220,142,98,0,126175
96.0,11275,7,1967,2007,300.0,0,710,710,1898,1080,2978,0,2,1,5,11,1,1961.0,2,564,240,0,0,242000
50.0,5000,5,1941,1950,0.0,116,604,720,803,0,803,0,1,0,2,5,0,1941.0,2,360,0,0,0,87000
32.0,10846,8,1993,1993,0.0,1619,100,1719,1719,0,1719,2,1,1,1,6,2,1993.0,2,473,122,30,0,324000
80.0,11600,6,1960,1960,175.0,565,818,1383,1383,0,1383,0,1,1,3,7,0,1960.0,1,292,0,45,0,145250
69.0,11888,6,1916,1994,0.0,0,844,844,1445,689,2134,0,2,0,5,10,0,1930.0,2,441,0,60,0,214500
60.0,6402,5,1920,1950,0.0,0,596,596,596,596,1192,0,1,0,3,6,0,1920.0,1,189,0,0,0,78000
69.0,10624,5,1964,1964,84.0,40,1424,1728,1728,0,1728,0,2,0,6,10,0,2002.0,1,352,155,0,0,119000
70.0,8176,5,1958,1992,0.0,846,210,1056,1056,0,1056,1,1,0,3,6,0,1958.0,1,308,0,0,0,139000
85.0,10655,8,2003,2004,296.0,1124,1603,3206,1629,0,1629,1,2,0,3,7,1,2003.0,3,880,0,0,0,284000
59.0,8198,7,2004,2004,146.0,720,638,1358,1358,0,1358,1,2,0,2,6,1,2004.0,2,484,192,30,0,207000
59.0,9042,6,1998,1998,0.0,828,115,943,943,695,1638,1,2,1,3,7,2,1998.0,2,472,100,38,0,192000
69.0,164660,5,1965,1965,0.0,1249,103,1499,1619,167,1786,2,2,0,3,7,2,1965.0,2,529,670,0,0,228950
86.0,14157,9,2005,2006,200.0,1249,673,1922,1922,0,1922,1,2,0,3,8,1,2005.0,3,676,178,51,0,377426
70.0,9135,7,2002,2003,113.0,810,726,1536,1536,0,1536,1,2,0,3,7,0,2002.0,2,532,192,74,0,214000
91.0,14145,7,1984,1998,0.0,213,995,1208,1621,0,1621,1,2,0,3,8,0,1984.0,2,440,108,45,0,202500
66.0,12400,6,1958,1998,176.0,585,630,1215,1215,0,1215,0,1,0,3,6,0,1958.0,1,297,0,0,234,155000
85.0,14191,8,2002,2002,0.0,0,967,967,993,915,1908,0,2,1,4,9,0,2002.0,2,431,135,0,0,202900
60.0,8400,4,1950,1950,0.0,0,721,721,841,0,841,0,1,0,2,4,0,1950.0,1,294,250,0,0,82000
69.0,8544,3,1949,1950,340.0,0,0,0,1040,0,1040,0,2,0,2,6,0,1949.0,2,400,0,0,0,87500
63.0,8849,9,2005,2005,616.0,28,1656,1684,1684,0,1684,0,2,0,2,6,1,2005.0,2,564,495,72,0,266000
36.0,2592,5,1976,1976,0.0,129,175,536,536,576,1112,0,1,1,3,4,0,1976.0,1,336,182,0,0,85000
65.0,6435,6,1939,1950,0.0,0,972,972,972,605,1577,0,1,0,3,6,1,1939.0,1,312,0,0,0,140200
69.0,12772,6,1960,1998,0.0,498,460,958,958,0,958,0,1,0,2,5,0,1960.0,1,301,0,0,0,151500
69.0,17600,6,1960,1960,30.0,1270,208,1478,1478,0,1478,1,2,0,3,6,2,1960.0,2,498,0,40,0,157500
36.0,2448,7,2003,2004,106.0,573,191,764,764,862,1626,1,2,1,2,6,0,2003.0,2,474,0,27,0,154000
56.0,20431,9,2005,2006,870.0,1410,438,1848,1848,880,2728,1,2,1,4,10,2,2006.0,3,706,0,0,0,437154
68.0,7820,9,2007,2007,362.0,0,1869,1869,1869,0,1869,0,2,0,2,6,1,2007.0,2,617,210,54,0,318061
69.0,5271,7,1986,1986,0.0,1082,371,1453,1453,0,1453,1,1,1,2,6,1,1986.0,2,445,0,80,184,190000
60.0,9084,5,1941,1950,0.0,236,0,616,616,495,1111,0,1,0,3,5,0,1941.0,1,200,48,0,0,95000
60.0,8520,6,1928,2003,0.0,0,624,624,720,0,720,0,1,0,2,5,0,2005.0,2,484,106,0,0,105900
60.0,8400,6,1940,2000,0.0,388,552,940,1192,403,1595,0,1,0,2,6,2,1940.0,1,240,0,0,0,140000
105.0,11249,6,1995,1995,0.0,334,322,1200,1200,0,1200,1,2,0,3,6,0,1995.0,2,521,0,26,0,177500
69.0,9248,6,1992,1992,106.0,560,598,1158,1167,0,1167,1,2,0,3,6,0,1992.0,2,400,120,26,0,173000
44.0,4224,5,1976,1976,0.0,874,268,1142,1142,0,1142,1,1,1,3,6,1,1976.0,2,528,536,90,0,134000
92.0,6930,5,1958,1958,120.0,300,468,1062,1352,0,1352,0,1,0,3,6,0,1958.0,1,288,168,0,0,130000
78.0,12011,8,1998,1998,530.0,956,130,1086,1086,838,1924,1,2,1,3,7,1,1998.0,2,592,208,75,374,280000
69.0,7540,6,1978,1978,0.0,773,115,888,912,0,912,1,1,0,2,5,1,1978.0,2,470,0,0,192,156000
69.0,9144,5,1940,1982,0.0,399,484,883,988,517,1505,1,1,0,3,8,0,1940.0,1,240,0,0,0,145000
64.0,7301,7,2003,2003,500.0,0,0,0,495,1427,1922,0,3,0,4,7,1,2003.0,2,672,0,0,0,198500
21.0,1680,6,1972,2007,510.0,162,321,483,483,504,987,0,1,1,2,5,0,1972.0,1,264,250,0,0,118000
69.0,18800,6,1976,1976,120.0,712,84,796,790,784,1574,1,2,1,3,6,1,1976.0,2,566,306,111,0,190000
59.0,10690,5,1920,1997,0.0,456,216,672,672,672,1344,0,1,0,3,6,0,1964.0,1,468,0,128,0,147000
69.0,9500,6,1963,1963,247.0,609,785,1394,1394,0,1394,1,1,1,3,6,2,1963.0,2,514,0,76,185,159000
101.0,9150,6,1962,1962,305.0,371,728,1099,1431,0,1431,0,1,0,3,6,1,1962.0,1,296,64,110,0,165000
78.0,7800,5,1954,1954,200.0,540,728,1268,1268,0,1268,0,1,0,2,7,1,1954.0,1,244,0,98,0,132000
69.0,9830,5,1959,2006,0.0,72,733,1063,1287,0,1287,1,1,0,3,7,1,1997.0,2,576,364,17,182,162000
69.0,8121,6,2000,2000,0.0,0,953,953,953,711,1664,0,2,1,3,7,1,2000.0,2,460,100,40,0,172400
80.0,17120,4,1959,1959,0.0,0,0,0,1120,468,1588,0,2,0,4,7,1,1991.0,2,680,0,59,0,134432
50.0,7175,6,1984,1984,0.0,623,0,744,752,0,752,1,1,0,2,4,0,1984.0,1,264,353,0,90,125000
79.0,10634,5,1953,1953,0.0,428,0,608,1319,0,1319,1,1,0,3,5,0,1953.0,1,270,66,0,0,123000
65.0,8200,7,2003,2004,0.0,0,847,847,847,1081,1928,0,2,1,4,8,1,2003.0,2,434,100,48,0,219500
69.0,10020,1,1922,1950,0.0,350,333,683,904,0,904,1,0,1,1,4,0,1980.0,0,0,0,0,0,61000
57.0,8846,5,1996,1996,0.0,298,572,870,914,0,914,0,1,0,2,5,0,1998.0,2,576,0,0,0,148000
102.0,11143,8,2004,2005,0.0,0,1580,1580,1580,886,2466,0,3,0,4,8,1,2004.0,2,610,159,214,0,340000
88.0,11394,9,2010,2010,350.0,1445,411,1856,1856,0,1856,1,1,1,1,8,1,2010.0,3,834,113,0,0,394432
60.0,8123,6,2000,2000,16.0,0,982,982,1007,793,1800,0,2,1,3,7,1,2000.0,2,463,100,63,0,179000
50.0,5000,5,1924,1950,0.0,218,808,1026,1026,665,1691,0,2,0,3,6,1,1924.0,1,308,0,0,0,127000
60.0,7200,7,2006,2006,0.0,0,1293,1293,1301,0,1301,1,2,0,2,5,1,2006.0,2,572,216,121,0,187750
79.0,9245,7,2006,2006,0.0,0,939,939,939,858,1797,0,2,1,3,8,0,2006.0,2,639,144,53,0,213500
60.0,9000,6,1928,1950,0.0,0,784,784,784,0,784,0,1,0,2,5,0,1950.0,2,360,0,0,0,76000
69.0,53107,6,1992,1992,0.0,985,595,1580,1079,874,1953,1,2,1,3,9,2,1992.0,2,501,216,231,0,240000
43.0,3182,8,2004,2005,16.0,24,1232,1256,1269,0,1269,0,2,0,2,6,1,2004.0,2,430,146,20,144,192000
58.0,8410,5,1910,1996,0.0,0,658,658,658,526,1184,0,1,0,5,8,0,1980.0,0,0,0,151,0,81000
72.0,7200,6,1976,1976,255.0,631,410,1041,1125,0,1125,1,1,0,3,6,1,1977.0,1,352,296,0,0,125000
93.0,9382,7,1999,2000,125.0,0,1468,1468,1479,0,1479,0,2,0,3,6,0,1999.0,2,577,120,25,0,191000
96.0,12474,10,2007,2008,272.0,1280,402,1682,1742,590,2332,1,2,1,3,9,1,2008.0,3,846,196,134,0,426000
50.0,8405,5,1900,1950,0.0,241,229,861,961,406,1367,1,1,0,4,7,0,1978.0,1,384,0,130,0,119000
71.0,12209,6,2001,2002,0.0,690,114,804,804,1157,1961,1,2,1,3,7,1,2001.0,2,560,125,192,0,215000
69.0,8339,5,1959,1959,0.0,0,0,0,882,0,882,0,1,0,3,5,0,1959.0,1,294,0,0,0,106500
69.0,7446,4,1941,1950,0.0,266,522,788,788,0,788,0,1,0,2,4,2,1980.0,0,0,0,0,0,100000
60.0,10134,5,1940,1950,0.0,0,735,735,735,299,1034,0,1,0,2,5,0,1940.0,1,240,0,39,0,109000
68.0,9571,5,1956,1956,0.0,739,405,1144,1144,0,1144,1,1,0,3,6,0,1956.0,1,596,44,0,0,129000
60.0,7200,5,1972,1972,0.0,777,117,894,894,0,894,0,1,0,2,6,0,1985.0,2,600,215,0,0,123000
69.0,7590,5,1962,1962,288.0,540,324,864,876,936,1812,0,2,0,4,8,1,1962.0,1,264,0,168,0,169500
60.0,8967,5,1920,1950,0.0,0,961,961,1077,0,1077,0,1,0,2,6,0,1920.0,1,338,0,0,0,67000
65.0,8125,7,2006,2007,100.0,812,280,1092,1112,438,1550,1,2,0,2,7,0,2007.0,2,438,0,168,0,241000
38.0,14963,8,1996,1996,0.0,786,474,1260,1288,0,1288,1,1,1,1,4,2,1996.0,2,500,120,30,224,245500
65.0,8767,7,2005,2005,0.0,24,1286,1310,1310,0,1310,0,2,0,3,6,1,2005.0,2,400,0,0,0,164990
60.0,10200,5,1940,1997,0.0,0,672,672,672,0,672,0,1,0,2,4,0,1940.0,1,240,168,0,0,108000
93.0,12090,8,1998,1998,650.0,0,1141,1141,1165,1098,2263,0,2,1,4,10,1,1998.0,2,420,144,123,0,258000
69.0,10364,6,1995,1996,0.0,0,806,806,806,766,1572,0,2,1,3,7,1,1995.0,2,373,0,40,0,168000
69.0,9991,4,1976,1993,0.0,1116,165,1281,1620,0,1620,1,2,0,3,8,1,1993.0,2,490,120,78,0,150000
51.0,10480,6,1936,1950,0.0,0,1064,1064,1166,0,1639,0,1,0,3,6,0,1936.0,1,240,0,0,0,115000
63.0,15576,6,1915,1976,0.0,0,840,840,840,840,1680,0,2,0,4,8,0,1960.0,1,308,0,0,0,177000
109.0,14154,7,2006,2006,350.0,0,1063,1063,1071,1101,2172,0,2,1,3,9,1,2006.0,3,947,192,62,0,280000
85.0,10800,8,2007,2008,100.0,789,245,1034,1050,1028,2078,1,2,1,3,8,1,2008.0,3,836,0,102,0,339750
68.0,9571,5,1958,1958,0.0,0,1276,1276,1276,0,1276,0,1,0,3,5,0,1958.0,1,350,0,0,0,60000
100.0,34650,5,1955,1955,0.0,1056,0,1056,1056,0,1056,1,1,0,3,5,0,1955.0,2,572,264,0,0,145000
69.0,4403,7,2009,2009,432.0,578,892,1470,1478,0,1478,1,2,1,2,7,1,2009.0,2,484,0,144,0,222000
56.0,8960,5,1927,1950,0.0,0,1008,1008,1028,0,1028,0,1,0,2,5,1,1927.0,2,360,0,0,0,115000
59.0,11228,7,1993,1993,0.0,50,499,1080,1080,1017,2097,0,2,1,3,9,1,1993.0,3,678,196,187,0,228000
73.0,8899,7,2007,2007,0.0,24,1316,1340,1340,0,1340,0,2,0,3,6,0,2007.0,2,396,100,30,0,181134
74.0,7844,6,1978,1978,203.0,209,463,672,672,728,1400,0,1,1,3,6,1,1978.0,2,440,0,0,0,149500
86.0,22420,6,1918,1950,0.0,1128,242,1370,1370,1254,2624,1,2,1,4,10,1,1918.0,3,864,0,0,0,239000
60.0,8160,5,1940,1950,0.0,312,444,756,756,378,1134,1,1,1,3,7,0,1940.0,1,240,0,0,0,126000
65.0,8450,5,1968,1968,0.0,775,281,1056,1056,0,1056,1,1,0,3,6,1,1968.0,1,304,0,85,0,142000
78.0,7060,7,1997,1998,200.0,1309,35,1344,1344,0,1344,2,2,0,2,8,0,1997.0,4,784,0,0,0,206300
69.0,16635,6,1977,2000,126.0,1246,356,1602,1602,0,1602,0,2,0,3,8,1,1977.0,2,529,240,0,0,215000
100.0,21750,5,1954,1954,0.0,0,988,988,988,0,988,0,1,0,2,4,0,1954.0,2,520,0,0,0,113000
80.0,9200,8,1998,1998,473.0,986,484,1470,1470,1160,2630,1,2,1,4,8,1,1998.0,3,696,0,66,0,315000
72.0,9000,6,1956,1956,74.0,616,580,1196,1196,0,1196,1,1,0,2,6,1,1956.0,1,297,0,44,0,139000
60.0,3378,7,1946,1992,0.0,0,651,651,707,682,1389,0,1,1,3,6,2,1947.0,1,240,0,0,0,135000
69.0,12800,7,1989,1989,145.0,1518,0,1518,1644,0,1644,1,2,0,2,5,1,1989.0,2,569,80,0,396,275000
77.0,8593,4,1957,1957,0.0,288,619,907,907,0,907,0,1,0,3,5,0,1964.0,1,352,0,0,0,109008
64.0,6762,7,2007,2007,108.0,664,544,1208,1208,0,1208,1,2,0,2,6,0,2007.0,2,628,105,54,0,195400
130.0,11457,6,1988,1988,0.0,1005,387,1392,1412,0,1412,1,2,0,3,6,1,1988.0,2,576,0,0,0,175000
21.0,1680,6,1971,1971,232.0,387,96,483,483,504,987,0,1,1,2,4,0,1971.0,1,264,0,0,0,85400
60.0,5586,6,1920,1998,0.0,0,901,901,1088,110,1198,0,1,0,4,7,0,1980.0,0,0,0,98,0,79900
24.0,1920,5,1971,1971,376.0,471,294,765,765,600,1365,1,1,1,2,6,0,1971.0,2,440,240,36,0,122500
100.0,10839,6,1997,1998,0.0,0,926,926,926,678,1604,0,2,1,3,7,1,1997.0,2,470,0,36,0,181000
21.0,1890,4,1972,1972,0.0,495,135,630,630,0,630,1,1,0,1,3,0,1980.0,0,0,88,0,0,81000
43.0,10667,7,1996,1996,0.0,385,70,799,827,834,1661,1,2,1,3,6,1,1996.0,2,550,158,61,0,212000
40.0,4400,6,1920,1950,0.0,0,648,648,734,384,1118,0,1,0,2,6,0,1990.0,2,440,0,0,0,116000
50.0,6000,6,1926,2004,0.0,0,884,884,904,0,904,0,1,0,2,4,0,1926.0,1,180,0,0,0,119000
40.0,4280,5,1913,2002,0.0,365,75,440,694,0,694,0,1,0,2,4,1,1990.0,1,352,0,0,0,90350
67.0,12354,6,1920,2000,0.0,0,684,684,684,512,1196,0,1,0,3,7,0,2005.0,2,528,0,46,0,110000
105.0,15431,10,2008,2008,200.0,1767,788,3094,2402,0,2402,1,2,0,2,10,2,2008.0,3,672,0,72,170,555000
92.0,12108,4,1955,1955,270.0,133,1307,1440,1440,0,1440,0,2,0,4,8,0,1980.0,0,0,0,0,0,118000
52.0,6240,5,1930,1992,0.0,0,1078,1078,1128,445,1573,0,2,0,3,8,1,1930.0,2,360,0,0,0,162900
53.0,3922,7,2006,2007,72.0,0,1258,1258,1258,0,1258,0,2,0,2,6,1,2007.0,3,648,144,16,0,172500
70.0,8750,7,1994,1995,0.0,642,273,915,933,975,1908,1,2,1,4,8,1,1994.0,2,493,144,133,0,210000
73.0,9855,6,1956,1956,0.0,0,1436,1436,1689,0,1689,0,1,0,3,7,1,1956.0,2,480,0,0,0,127500
137.0,16492,6,1966,2002,0.0,247,557,1517,1888,0,1888,0,2,1,2,6,1,1966.0,2,578,0,0,0,190000
69.0,11214,7,1998,1999,0.0,0,930,930,956,930,1886,0,2,1,4,10,1,1998.0,2,431,89,0,0,199900
50.0,8600,6,1937,1950,0.0,0,780,780,780,596,1376,0,2,0,3,7,1,1937.0,1,198,0,0,0,119500
50.0,6000,3,1948,2002,0.0,331,318,649,679,504,1183,0,1,1,2,6,0,1981.0,1,308,0,176,0,120000
70.0,5684,6,1930,2005,0.0,0,813,813,813,0,813,0,1,0,2,5,0,1932.0,1,270,0,113,0,110000
62.0,70761,7,1975,1975,0.0,655,878,1533,1533,0,1533,1,2,0,2,5,2,1975.0,2,576,200,54,0,280000
69.0,9303,6,1996,1997,42.0,742,130,872,888,868,1756,1,2,1,3,7,0,1996.0,2,422,144,122,0,204000
75.0,9000,8,2008,2008,0.0,0,768,768,786,804,1590,0,2,1,3,6,0,2008.0,2,676,0,30,0,210000
63.0,9297,5,1976,1976,0.0,1606,122,1728,1728,0,1728,2,2,0,4,8,0,1976.0,2,560,0,0,0,188000
80.0,9600,7,1973,1973,320.0,916,326,1242,1242,0,1242,0,1,1,3,6,1,1973.0,2,528,0,0,0,175500
34.0,4571,5,1916,1950,0.0,0,624,624,624,720,1344,0,1,0,4,7,0,1916.0,3,513,0,0,0,98000
69.0,53227,4,1954,1994,0.0,1116,248,1364,1663,0,1663,1,1,0,2,6,2,1954.0,2,529,224,137,0,256000
69.0,5100,8,1925,1996,0.0,0,588,588,833,833,1666,0,1,0,3,7,1,1925.0,1,228,192,63,0,161000
69.0,7015,5,1950,1950,161.0,185,524,709,979,224,1203,1,1,0,3,5,1,1950.0,1,352,0,0,0,110000
75.0,8004,8,2009,2009,110.0,544,288,832,832,1103,1935,1,2,1,3,8,0,2009.0,2,552,0,150,0,263435
60.0,7200,7,1936,2007,0.0,350,0,560,575,560,1135,1,1,0,3,6,0,1971.0,2,576,256,0,0,155000
60.0,8281,5,1965,1965,0.0,553,0,864,864,0,864,0,1,0,3,5,1,1965.0,1,360,0,0,0,62383
74.0,11988,6,1934,1995,0.0,326,389,715,849,811,1660,0,1,1,3,6,1,1939.0,1,240,0,0,0,188700
60.0,8430,5,1978,1978,136.0,616,424,1040,1040,0,1040,0,2,0,3,5,0,1980.0,0,0,0,0,0,124000
69.0,3072,7,2004,2004,18.0,0,1375,1375,1414,0,1414,0,2,0,2,6,1,2004.0,2,398,144,20,0,178740
85.0,10628,7,1970,1970,0.0,778,499,1277,1277,0,1277,1,1,0,2,5,1,1970.0,2,526,0,0,176,167000
79.0,9480,5,1942,1995,224.0,386,342,728,888,756,1644,0,1,1,3,7,2,1942.0,1,312,168,0,0,146500
98.0,11428,8,2006,2006,248.0,0,1626,1626,1634,0,1634,0,2,0,3,7,1,2006.0,3,866,0,44,0,250000
76.0,9291,6,1993,1993,120.0,426,406,832,832,878,1710,0,2,1,3,7,0,1993.0,2,506,144,70,0,187000
69.0,6820,8,1985,1985,0.0,368,0,1488,1502,0,1502,1,1,1,1,4,0,1985.0,2,528,0,54,140,212000
92.0,11952,7,1977,1977,0.0,0,808,808,1161,808,1969,0,2,1,3,8,1,1977.0,2,534,0,0,276,190000
35.0,3675,6,2005,2005,80.0,459,88,547,1072,0,1072,1,1,0,2,5,0,2005.0,2,525,0,28,0,148000
110.0,14977,8,2006,2007,304.0,1350,626,1976,1976,0,1976,1,2,0,2,7,1,2006.0,3,908,250,63,0,440000
41.0,5330,8,2000,2000,0.0,1196,298,1494,1652,0,1652,1,2,0,2,6,0,2000.0,2,499,96,48,0,251000
80.0,8480,5,1963,1963,0.0,630,340,970,970,0,970,1,1,0,2,5,0,1996.0,2,624,0,24,192,132500
75.0,13125,6,1997,1998,215.0,994,484,1478,1493,0,1493,1,2,0,3,7,1,1997.0,2,508,140,39,0,208900
105.0,13693,9,2006,2006,772.0,0,2153,2153,2069,574,2643,0,2,1,3,9,1,2006.0,3,694,414,84,0,380000
79.0,10637,8,2007,2008,336.0,1288,417,1705,1718,0,1718,1,2,0,3,7,1,2007.0,3,826,208,44,0,297000
50.0,5925,4,1937,2000,435.0,168,739,907,1131,0,1131,0,1,0,2,7,0,1995.0,2,672,0,72,0,89471
98.0,16033,9,2004,2005,378.0,1261,572,1833,1850,0,1850,1,2,0,3,8,1,2004.0,3,772,519,112,0,326000
72.0,11846,9,2003,2004,562.0,1567,225,1792,1792,0,1792,1,2,0,2,6,1,2003.0,3,874,206,49,0,374000
50.0,2500,7,1915,2005,0.0,299,611,910,916,910,1826,1,1,1,4,7,1,1915.0,1,164,0,0,0,155000
32.0,4500,6,1998,1998,116.0,897,319,1216,1216,0,1216,1,2,0,2,5,0,1998.0,2,402,0,125,0,164000
69.0,7758,5,1962,2001,0.0,588,411,999,999,0,999,1,1,0,3,6,0,1963.0,1,264,0,132,0,132500
80.0,9600,5,1950,2007,0.0,607,506,1113,1113,0,1113,0,1,0,3,5,1,1950.0,1,264,0,80,0,147000
79.0,10289,5,1965,1965,168.0,836,237,1073,1073,0,1073,1,1,1,3,6,0,1965.0,2,515,0,0,0,156000
70.0,12243,5,1971,1971,0.0,998,486,1484,1484,0,1484,0,2,0,3,7,1,1971.0,2,487,224,0,180,175000
60.0,10800,5,1900,1970,0.0,664,290,954,1766,648,2414,0,2,0,3,10,1,1970.0,2,520,142,0,0,160000
21.0,1526,4,1970,2002,0.0,515,115,630,630,0,630,1,1,0,1,3,0,1970.0,1,286,0,0,0,86000
69.0,2665,5,1976,1976,0.0,0,264,264,616,688,1304,0,1,1,3,4,1,1976.0,1,336,141,24,0,115000
79.0,9490,6,1941,1950,0.0,403,238,806,958,620,1578,1,1,0,3,5,2,1941.0,1,240,0,0,0,133000
105.0,15578,6,2006,2006,0.0,0,728,728,728,728,1456,0,2,1,3,8,0,2006.0,2,429,0,0,0,172785
70.0,7931,5,1960,1960,0.0,374,363,1269,1269,0,1269,0,1,1,3,6,1,1964.0,1,308,0,0,0,155000
50.0,5784,5,1938,1996,0.0,0,190,190,886,0,886,0,1,0,2,4,0,1938.0,1,273,144,20,0,91300
60.0,7879,4,1920,1950,0.0,495,225,720,720,0,720,0,1,0,2,4,0,1980.0,0,0,0,523,0,34900
69.0,12692,8,1992,1993,0.0,1231,1969,3200,3228,0,3228,1,3,0,4,10,1,1992.0,2,546,264,75,0,430000
60.0,9120,7,1925,1950,0.0,329,697,1026,1133,687,1820,1,2,0,4,8,0,1925.0,1,240,0,100,0,184000
65.0,7800,5,1967,2004,89.0,450,414,864,899,0,899,0,1,0,3,5,0,1967.0,1,288,64,0,0,130000
70.0,7535,5,1958,1985,0.0,111,522,912,912,0,912,0,1,0,2,5,0,1958.0,1,297,12,285,0,120000
21.0,1890,6,1973,1973,285.0,356,316,672,672,546,1218,0,1,1,3,7,0,1973.0,1,264,144,28,0,113000
75.0,9803,7,2005,2005,0.0,400,466,866,866,902,1768,0,2,1,3,7,0,2005.0,2,603,0,108,0,226700
70.0,9170,5,1965,1965,0.0,698,420,1214,1214,0,1214,1,1,0,2,6,0,1965.0,2,461,0,0,0,140000
100.0,15602,7,1959,1997,0.0,1247,254,1501,1801,0,1801,1,2,0,1,6,2,1959.0,2,484,0,54,161,289000
24.0,2308,6,1974,1974,0.0,257,103,855,855,467,1322,0,2,1,3,6,1,1974.0,2,440,260,0,0,147000
60.0,7596,5,1952,1952,360.0,0,960,960,960,1000,1960,0,2,0,4,10,0,1952.0,2,400,0,0,0,124500
80.0,9554,8,1993,1994,125.0,380,397,777,1065,846,1911,0,2,1,3,8,1,1993.0,2,471,182,81,0,215000
75.0,7862,6,2009,2009,0.0,27,1191,1218,1218,0,1218,0,2,0,2,4,0,2009.0,2,676,0,102,0,208300
60.0,9600,7,1928,2005,0.0,141,548,689,689,689,1378,0,2,0,3,7,1,1928.0,2,360,0,0,0,161000
80.0,9600,5,1959,1959,132.0,991,50,1041,1041,0,1041,1,1,0,3,6,0,1959.0,1,270,224,88,0,124500
75.0,14559,5,1951,2000,70.0,650,178,1008,1363,0,1363,1,1,0,2,6,2,1951.0,1,288,324,42,168,164900
40.0,6792,7,2005,2006,94.0,0,1368,1368,1368,0,1368,0,2,0,2,6,1,2005.0,2,474,132,35,0,202665
70.0,9100,5,1958,1958,0.0,521,169,864,864,0,864,1,1,0,3,5,0,1964.0,2,624,0,0,0,129900
71.0,9187,6,1983,1983,0.0,336,748,1084,1080,0,1080,0,1,1,3,5,0,1983.0,2,484,120,0,0,134000
55.0,10594,5,1926,1950,0.0,0,768,768,789,0,789,0,1,0,2,5,0,1926.0,1,200,0,0,0,96500
94.0,12220,10,2009,2009,305.0,1436,570,2006,2020,0,2020,1,2,1,3,9,1,2009.0,3,900,156,54,0,402861
69.0,10448,6,1972,1972,333.0,0,689,689,1378,741,2119,0,2,1,3,7,1,1972.0,2,583,0,104,0,158000
79.0,10208,7,1996,1997,921.0,0,1264,1264,1277,1067,2344,0,2,1,3,7,1,1996.0,3,889,220,0,0,265000
69.0,9531,6,1998,1998,0.0,706,88,794,882,914,1796,1,2,1,3,7,0,1998.0,2,546,0,36,0,211000
53.0,10918,7,1926,2004,0.0,0,1276,1276,1276,804,2080,0,1,1,3,9,2,1926.0,1,282,0,0,145,234000
60.0,10800,4,1900,2000,0.0,0,0,0,694,600,1294,0,2,0,3,7,0,1980.0,0,0,220,114,0,106250
90.0,11988,6,1957,1957,0.0,777,467,1244,1244,0,1244,0,1,1,3,6,2,1957.0,1,336,0,40,0,150000
50.0,5000,6,1947,1950,0.0,399,605,1004,1004,660,1664,0,2,0,3,7,2,1950.0,2,420,0,24,0,159000
130.0,40094,10,2007,2008,762.0,2260,878,3138,3138,1538,4676,1,3,1,3,11,1,2007.0,3,884,208,406,0,184750
95.0,11787,7,1996,1997,594.0,719,660,1379,1383,1015,2398,1,2,1,3,8,1,1996.0,3,834,239,60,0,315750
62.0,7500,7,2005,2005,0.0,0,1257,1257,1266,0,1266,0,2,0,3,6,1,2005.0,2,453,38,144,0,176000
70.0,13300,5,1956,2000,0.0,377,551,928,928,0,928,0,1,0,2,4,0,1956.0,1,252,261,0,0,132000
67.0,14948,9,2008,2008,268.0,1330,122,1452,1476,1237,2713,1,2,1,3,11,1,2008.0,3,858,126,66,0,446261
58.0,9098,4,1920,2002,0.0,348,180,528,605,0,605,1,1,0,2,5,0,1980.0,0,0,0,0,0,86000
69.0,32668,6,1957,1975,0.0,1219,816,2035,2515,0,2515,1,3,0,4,9,2,1975.0,2,484,0,0,0,200624
85.0,10200,6,1988,1989,219.0,783,678,1461,1509,0,1509,1,2,0,3,5,1,1988.0,2,600,224,0,0,175000
60.0,6155,6,1920,1999,0.0,0,611,611,751,611,1362,0,2,0,3,6,0,1920.0,2,502,0,0,0,128000
60.0,7200,5,1955,2007,0.0,0,0,0,827,0,827,0,1,0,2,5,1,1967.0,1,392,0,0,0,107500
50.0,5000,1,1946,1950,0.0,0,0,0,334,0,334,0,1,0,1,2,0,1980.0,0,0,0,0,0,39300
74.0,9056,8,2004,2004,0.0,0,707,707,707,707,1414,0,2,1,3,6,1,2004.0,2,403,100,35,0,178000
70.0,7000,5,1910,1991,0.0,969,148,1117,820,527,1347,1,1,0,3,5,0,1980.0,0,0,85,0,0,107500
57.0,8924,7,1998,1999,0.0,0,880,880,880,844,1724,0,2,1,3,8,0,1998.0,2,527,120,155,0,188000
69.0,12735,4,1972,1972,0.0,600,264,864,864,0,864,0,1,0,3,5,0,1980.0,2,576,216,0,0,111250
69.0,11553,5,1968,1968,188.0,673,378,1051,1159,0,1159,0,1,1,3,7,1,1968.0,1,336,466,0,0,158000
69.0,11423,8,2001,2002,479.0,1358,223,1581,1601,0,1601,1,2,0,3,6,1,2001.0,2,670,180,0,0,272000
85.0,14601,9,2006,2006,584.0,1260,578,1838,1838,0,1838,1,2,0,2,8,1,2006.0,3,765,270,68,0,315000
69.0,11000,8,2000,2000,72.0,0,969,969,997,1288,2285,0,2,1,4,8,1,2000.0,3,648,0,56,0,248000
78.0,10140,7,1998,1999,0.0,144,379,1650,1680,0,1680,1,2,0,3,7,1,1998.0,2,583,78,73,0,213250
34.0,4058,7,1998,1998,182.0,584,0,723,767,0,767,1,1,0,1,4,0,1998.0,1,367,120,40,0,133000
58.0,17104,7,2006,2006,0.0,554,100,654,664,832,1496,1,2,1,3,7,1,2006.0,2,426,100,24,0,179665
69.0,13837,7,1988,1988,178.0,1002,0,1204,1377,806,2183,0,2,1,4,9,0,1988.0,3,786,0,0,0,229000
70.0,8737,6,1923,1950,0.0,300,765,1065,915,720,1635,0,1,1,3,6,1,1950.0,2,440,0,38,0,210000
54.0,7244,5,1970,1970,0.0,619,149,768,768,0,768,1,1,0,2,5,0,1987.0,2,624,104,0,0,129500
49.0,8235,5,1955,1995,0.0,180,0,825,825,0,825,1,1,0,2,4,0,1963.0,2,720,140,50,0,125000
75.0,9375,7,2003,2004,0.0,0,912,912,912,1182,2094,0,2,1,4,8,1,2003.0,2,615,182,182,0,263000
53.0,4043,6,1977,1977,0.0,559,510,1069,1069,0,1069,0,2,0,2,4,0,1977.0,2,440,0,55,200,140000
50.0,6000,5,1957,1957,0.0,308,620,928,928,0,928,0,1,0,3,5,0,1957.0,1,288,0,0,0,112500
87.0,11146,8,2006,2006,250.0,0,1709,1709,1717,0,1717,0,2,0,3,7,1,2006.0,3,908,169,39,0,255500
67.0,8777,4,1949,2003,0.0,0,0,0,1126,0,1126,0,2,0,2,5,0,2002.0,2,520,0,96,0,108000
85.0,10625,7,2003,2004,292.0,866,132,998,1006,1040,2046,1,2,1,3,8,1,2003.0,3,871,320,62,0,284000
58.0,6380,5,1922,1950,0.0,0,993,993,1048,0,1048,0,1,0,2,5,1,1922.0,1,280,0,0,0,113000
69.0,14850,5,1957,1957,0.0,895,197,1092,1092,0,1092,1,1,0,2,6,1,1957.0,1,299,268,0,122,141000
60.0,11040,4,1920,1950,0.0,637,0,637,897,439,1336,0,1,1,3,7,0,1994.0,1,570,0,47,0,108000
57.0,21872,7,1996,1997,0.0,604,125,729,729,717,1446,0,2,1,3,6,1,1996.0,2,406,264,22,0,175000
69.0,3196,7,2003,2004,18.0,0,1374,1374,1557,0,1557,0,2,0,2,7,1,2003.0,2,420,143,20,0,234000
69.0,11341,5,1957,1996,180.0,1302,90,1392,1392,0,1392,1,1,1,3,5,1,1957.0,2,528,0,0,95,121500
77.0,10010,5,1974,1975,0.0,1071,195,1389,1389,0,1389,1,1,0,2,6,1,1975.0,2,418,240,38,0,170000
63.0,13907,5,1940,1969,0.0,290,706,996,996,0,996,1,1,0,3,6,1,1980.0,0,0,144,0,0,108000
66.0,21780,6,1918,1950,0.0,0,1163,1163,1163,511,1674,0,2,0,4,8,1,1955.0,2,396,72,36,144,185000
69.0,13346,7,1992,2000,0.0,728,367,1095,1166,1129,2295,1,2,1,4,9,1,1992.0,2,590,0,40,0,268000
66.0,6858,6,1915,1950,0.0,0,806,806,841,806,1647,1,1,1,4,6,0,1920.0,1,216,0,66,0,128000
77.0,11198,9,2005,2007,245.0,0,1122,1122,1134,1370,2504,0,2,1,4,11,1,2005.0,3,656,144,39,0,325000
70.0,10171,7,2004,2004,168.0,2,1515,1517,1535,0,1535,0,2,0,3,7,0,2004.0,2,532,0,0,0,214000
79.0,12327,8,1983,2009,0.0,1441,55,1496,1496,636,2132,1,1,1,1,5,1,1983.0,2,612,349,40,0,316600
69.0,7032,5,1979,1979,0.0,943,0,943,943,0,943,1,1,0,2,4,2,1979.0,2,600,42,0,0,135960
74.0,13101,5,1965,1965,108.0,231,1497,1728,1728,0,1728,0,2,0,6,10,0,1987.0,2,576,0,0,0,142600
60.0,7332,6,1959,1959,207.0,414,450,864,864,0,864,1,1,0,2,4,0,1959.0,1,288,168,0,0,120000
83.0,13159,7,2009,2009,0.0,0,846,846,846,846,1692,0,2,1,3,6,0,2009.0,2,650,208,114,0,224500
76.0,9967,7,2000,2000,0.0,0,384,384,774,656,1430,0,2,1,3,8,1,2000.0,2,400,100,0,0,170000
70.0,10500,5,1971,2005,82.0,349,23,372,576,533,1109,0,1,0,3,5,0,1971.0,1,288,35,0,0,139000
80.0,8480,5,1947,1950,0.0,442,390,832,832,384,1216,0,1,0,2,6,0,1947.0,1,336,158,0,0,118500
52.0,6292,7,1928,1950,0.0,0,861,861,877,600,1477,0,2,0,3,6,1,1928.0,1,216,0,50,0,145000
96.0,11777,5,1966,1966,97.0,328,285,1164,1320,0,1320,1,1,0,3,6,2,1966.0,2,564,160,68,0,164500
34.0,3604,7,2007,2007,0.0,0,689,689,703,689,1392,0,2,0,2,5,0,2007.0,2,540,0,102,0,146000
81.0,12150,5,1954,1954,335.0,0,1050,1050,1050,745,1795,0,2,0,4,7,0,1954.0,1,352,0,0,0,131500
69.0,14585,6,1960,1987,85.0,594,331,1144,1429,0,1429,0,1,0,3,7,2,1960.0,2,572,216,110,0,181900
98.0,12704,8,2008,2009,306.0,0,2042,2042,2042,0,2042,0,2,1,3,8,1,2009.0,3,1390,0,90,0,253293
81.0,11841,6,1990,1990,104.0,816,0,816,816,0,816,1,1,0,3,5,0,1980.0,0,0,0,32,0,118500
75.0,13500,10,1893,2000,0.0,0,1237,1237,1521,1254,2775,0,3,1,3,9,1,1988.0,2,880,105,502,0,325000
51.0,6120,4,1935,1995,0.0,0,884,884,989,584,1573,0,1,0,3,6,0,1935.0,1,240,0,0,120,133000
88.0,11443,8,2005,2006,208.0,1460,408,1868,2028,0,2028,1,2,0,2,7,2,2005.0,3,880,326,66,0,369900
55.0,10267,6,1918,2000,0.0,210,0,816,838,0,838,1,1,0,2,5,0,1961.0,1,275,0,0,0,130000
74.0,8740,5,1982,1982,0.0,672,168,840,860,0,860,1,1,0,2,4,0,1996.0,2,528,0,0,0,137000
65.0,25095,5,1968,2003,0.0,1324,113,1437,1473,0,1473,2,1,0,1,5,2,1968.0,1,452,0,48,60,143000
50.0,9100,5,1930,1960,0.0,0,742,742,779,0,935,0,1,0,2,4,0,1988.0,1,308,0,0,0,79500
64.0,8320,7,2004,2004,0.0,490,280,770,770,812,1582,0,2,1,3,6,0,2004.0,2,520,0,45,0,185900
97.0,13478,10,2008,2008,420.0,1338,384,1722,1728,568,2296,1,2,1,3,10,1,2008.0,3,842,382,274,0,451950
60.0,6600,5,1982,2003,0.0,816,0,816,816,0,816,1,1,0,2,4,0,1985.0,2,816,0,0,0,138000
69.0,4435,6,2003,2003,170.0,685,163,848,848,0,848,1,1,0,1,4,0,2003.0,2,420,140,0,0,140000
88.0,7990,5,1975,1975,0.0,0,924,924,924,0,924,0,1,0,3,5,0,1981.0,1,280,0,0,0,110000
69.0,11302,8,2005,2006,238.0,1422,392,1814,1826,0,1826,1,2,0,3,7,1,2005.0,3,758,180,75,120,319000
60.0,3600,6,1910,1993,0.0,0,684,684,684,684,1368,0,1,0,3,7,0,1930.0,1,216,0,158,0,114504
53.0,3922,7,2006,2007,72.0,0,1258,1258,1402,0,1402,0,0,2,2,7,1,2006.0,3,648,120,16,0,194201
80.0,12984,5,1977,1977,459.0,1283,0,1430,1647,0,1647,1,2,0,3,7,1,1977.0,2,621,0,0,0,217500
24.0,1950,6,1980,1980,0.0,81,23,716,716,840,1556,1,2,1,3,6,1,1980.0,2,452,161,0,0,151000
74.0,10927,8,2005,2005,280.0,546,512,1058,1058,846,1904,1,2,1,3,8,1,2003.0,2,736,179,60,0,275000
50.0,9000,6,1937,1950,0.0,0,780,780,780,595,1375,0,1,1,3,6,1,1979.0,1,544,0,162,126,141000
80.0,10041,8,1992,1992,0.0,789,119,908,927,988,1915,1,2,1,3,8,1,1992.0,2,506,120,150,0,220000
30.0,3182,7,2004,2005,0.0,0,600,600,600,600,1200,0,2,1,2,4,0,2004.0,2,480,0,172,0,151000
88.0,12803,7,2002,2002,99.0,922,572,1494,1494,0,1494,1,2,0,3,6,1,2002.0,2,530,192,36,0,221000
85.0,13600,7,1965,1990,176.0,454,314,768,1186,800,1986,0,2,1,3,7,3,1965.0,2,486,0,42,189,205000
82.0,12464,5,1996,1996,0.0,732,308,1040,1040,0,1040,1,1,0,3,6,0,2000.0,2,576,168,0,0,152000
78.0,7800,5,1948,2002,0.0,603,293,896,1112,896,2008,1,3,0,3,8,0,1948.0,1,230,103,0,0,225000
78.0,12168,8,1934,1998,0.0,428,537,965,1940,1254,3194,0,2,1,4,10,2,1934.0,2,380,0,0,0,359100
61.0,7943,4,1961,1961,192.0,903,126,1029,1029,0,1029,1,1,0,3,5,0,1961.0,1,261,64,0,0,118500
69.0,11050,9,2000,2000,204.0,904,536,1440,1476,677,2153,1,2,1,3,8,2,2000.0,3,736,253,142,0,313000
69.0,10395,6,1978,1978,233.0,605,427,1032,1032,0,1032,0,2,0,3,6,1,1978.0,2,564,0,0,0,148000
69.0,11885,8,2001,2001,108.0,990,309,1299,1299,573,1872,1,2,1,3,7,1,2001.0,2,531,160,122,0,261500
70.0,8402,5,2007,2007,0.0,206,914,1120,1120,0,1120,0,1,0,3,6,0,1980.0,0,0,0,30,0,147000
21.0,1491,4,1972,1972,0.0,150,0,630,630,0,630,1,1,0,1,3,0,1980.0,0,0,96,24,0,75500
80.0,8800,6,1963,1963,156.0,763,173,936,1054,0,1054,1,1,0,3,6,0,1963.0,2,480,120,0,0,137500
69.0,7861,6,2002,2003,0.0,457,326,783,807,702,1509,1,2,1,3,7,1,2002.0,2,393,100,75,0,183200
59.0,7227,6,1954,1954,0.0,0,832,832,832,0,832,0,1,0,2,4,0,1962.0,2,528,0,0,0,105500
90.0,11694,9,2007,2007,452.0,48,1774,1822,1828,0,1828,0,2,0,3,9,1,2007.0,3,774,0,108,260,314813
85.0,12244,8,2003,2003,226.0,871,611,1482,1482,780,2262,1,2,1,4,10,2,2003.0,3,749,168,0,0,305000
45.0,8248,3,1914,1950,0.0,41,823,864,864,0,864,1,1,0,2,5,0,1980.0,0,0,0,0,0,67000
90.0,10800,6,1974,1997,0.0,956,384,1522,1548,1066,2614,0,2,1,4,9,1,1974.0,2,624,38,243,0,240000
71.0,7064,5,1977,1977,153.0,560,420,980,980,0,980,0,1,0,3,6,0,1986.0,2,484,192,0,0,135000
69.0,2117,6,2000,2000,513.0,420,336,756,756,756,1512,0,2,1,2,4,1,2000.0,2,440,0,32,0,168500
80.0,10400,6,1972,1972,288.0,247,485,732,1012,778,1790,1,1,2,4,8,1,1972.0,2,484,148,0,147,165150
87.0,10000,6,1962,1962,261.0,0,1116,1116,1116,0,1116,0,1,1,3,5,0,1962.0,2,440,0,0,385,160000
69.0,12342,5,1960,1978,0.0,0,978,978,1422,0,1422,0,1,0,3,6,1,1960.0,1,286,0,0,0,139900
80.0,9600,6,1955,1972,164.0,674,350,1156,1520,0,1520,1,1,0,3,7,2,1955.0,1,364,0,0,0,153000
70.0,11606,5,1969,1969,192.0,650,390,1040,1040,1040,2080,0,1,2,5,9,2,1969.0,2,504,335,0,0,135000
82.0,9020,6,1964,1964,259.0,624,288,1248,1350,0,1350,1,1,1,3,6,0,1964.0,2,520,176,0,0,168500
50.0,9000,5,1880,1991,0.0,0,636,636,1089,661,1750,0,1,0,3,8,0,1937.0,1,240,0,0,0,124000
34.0,4590,8,2006,2006,108.0,24,1530,1554,1554,0,1554,0,2,0,2,6,1,2006.0,2,627,156,73,0,209500
85.0,11900,7,1977,1977,209.0,822,564,1386,1411,0,1411,0,2,0,3,6,1,1977.0,2,544,192,0,0,82500
80.0,9250,5,1954,2005,0.0,480,108,1056,1056,0,1056,0,1,0,3,6,0,1954.0,1,260,390,0,0,139400
64.0,6979,6,1980,1980,0.0,1056,0,1056,1056,0,1056,2,0,0,0,4,0,1980.0,2,576,264,56,0,144000
60.0,10896,6,1914,1995,0.0,256,1184,1440,1440,1440,3395,0,2,0,8,14,0,1980.0,0,0,0,110,0,200000
51.0,6120,2,1936,1950,0.0,0,264,264,800,0,800,0,1,0,1,4,1,1980.0,0,0,0,0,0,60000
50.0,6000,5,1954,1954,0.0,0,811,811,811,576,1387,0,2,0,3,7,0,1954.0,1,256,0,0,0,93000
67.0,8777,5,1910,1950,0.0,0,796,796,796,0,796,0,1,0,2,4,0,1980.0,0,0,328,0,0,85000
53.0,3982,8,2006,2006,0.0,1154,366,1520,1567,0,1567,1,2,0,1,7,1,2006.0,3,648,312,0,0,264561
62.0,12677,8,2003,2004,472.0,1218,300,1518,1518,0,1518,0,1,1,1,6,1,2003.0,2,588,185,140,0,274000
69.0,7050,7,2001,2001,0.0,738,319,1057,1057,872,1929,1,2,1,3,7,1,2001.0,2,650,0,235,0,226000
75.0,13860,8,1972,1995,0.0,1410,542,1952,2000,704,2704,1,2,1,4,9,3,1972.0,2,538,269,111,0,345000
80.0,10793,5,1969,1969,263.0,493,0,780,780,840,1620,0,2,1,4,7,0,1969.0,2,462,208,0,0,152000
85.0,9187,9,2009,2009,162.0,1121,645,1766,1766,0,1766,1,2,1,2,7,1,2009.0,3,478,195,130,0,370878
69.0,10530,6,1971,1971,0.0,282,664,981,981,0,981,1,1,1,3,5,0,1979.0,2,576,0,312,0,143250
60.0,7200,5,1950,1950,0.0,0,0,0,1048,0,1048,0,1,0,3,7,0,1950.0,2,420,0,27,0,98300
85.0,10452,6,1953,1953,216.0,500,594,1094,1094,0,1094,0,1,0,3,5,2,1953.0,2,495,0,0,287,155000
70.0,7700,6,1966,1966,351.0,0,756,756,1051,788,1839,0,1,1,4,7,1,1966.0,2,442,0,124,0,155000
21.0,1936,4,1970,1970,0.0,131,0,630,630,0,630,1,1,0,1,3,0,1980.0,0,0,0,0,0,84500
65.0,8125,7,2007,2007,0.0,0,813,813,822,843,1665,0,2,1,3,7,0,2007.0,2,562,0,0,0,205950
60.0,9084,4,1940,1950,0.0,0,755,755,755,755,1510,1,1,0,4,7,1,1940.0,1,296,120,0,0,108000
70.0,8750,7,1996,1996,0.0,0,880,880,909,807,1716,0,2,1,2,7,1,1996.0,2,512,0,120,0,191000
60.0,10320,6,1906,1995,0.0,0,756,756,756,713,1469,0,1,0,3,7,0,1906.0,1,216,57,0,0,135000
91.0,10437,8,1995,1995,660.0,1696,413,2109,2113,0,2113,1,2,1,2,7,1,1995.0,3,839,236,46,0,350000
21.0,1680,6,1971,1971,381.0,0,525,525,525,567,1092,0,1,1,3,6,0,1971.0,1,264,0,0,0,88000
72.0,10007,5,1959,2006,54.0,806,247,1053,1053,0,1053,1,1,1,3,5,0,1959.0,1,312,0,0,0,145500
60.0,7200,7,1931,2000,0.0,0,776,776,851,651,1502,0,1,1,3,6,1,1931.0,1,270,0,0,0,149000
78.0,17503,6,1948,1950,0.0,0,912,912,912,546,1458,0,1,0,3,6,1,1948.0,1,330,192,0,0,97500
75.0,9937,5,1964,1999,0.0,637,849,1486,1486,0,1486,1,1,0,3,7,0,1968.0,2,480,0,0,0,167000
69.0,12384,7,1976,1976,233.0,0,793,793,1142,793,1935,0,2,1,3,7,1,1976.0,2,550,0,113,0,197900
52.0,46589,8,1994,2005,528.0,1361,88,1629,1686,762,2448,1,2,1,4,8,1,1994.0,3,711,517,76,0,402000
120.0,13560,6,1968,1968,216.0,0,1392,1392,1392,0,1392,1,1,0,2,5,2,1968.0,2,576,0,0,0,110000
90.0,10012,4,1972,1972,0.0,920,38,1138,1181,0,1181,1,2,0,3,6,0,1974.0,2,588,0,0,0,137500
49.0,20896,8,2005,2006,0.0,1721,356,2077,2097,0,2097,1,1,1,1,8,1,2005.0,3,1134,192,267,0,423000
106.0,11194,8,2000,2000,40.0,0,1406,1406,1454,482,1936,0,2,1,3,7,1,2000.0,2,504,188,124,0,230500
69.0,18450,6,1965,1979,113.0,187,111,1021,1465,915,2380,0,2,1,3,7,1,1965.0,2,596,0,265,0,129000
65.0,8125,6,1994,1998,258.0,1138,270,1408,1679,0,1679,1,2,0,3,7,1,1994.0,2,575,224,42,0,193500
69.0,14175,5,1956,1987,0.0,988,200,1188,1437,0,1437,1,1,1,3,6,1,1999.0,2,576,304,0,0,168000
80.0,11600,4,1922,1950,0.0,0,700,700,1180,0,1180,0,1,0,2,5,1,1922.0,1,252,0,0,0,137500
64.0,8633,6,2005,2005,0.0,193,545,738,738,738,1476,1,2,1,3,7,0,2005.0,2,540,100,35,0,173500
54.0,6629,6,1925,1950,0.0,551,121,672,697,672,1369,1,2,0,3,6,0,1930.0,1,300,147,0,0,103600
69.0,11250,6,1977,1977,0.0,767,441,1208,1208,0,1208,1,1,1,3,6,1,1977.0,2,546,198,42,0,165000
110.0,14442,6,1957,2004,106.0,1186,291,1477,1839,0,1839,1,2,0,3,7,2,1957.0,2,416,0,87,200,257500
80.0,9200,6,1965,1965,0.0,892,244,1136,1136,0,1136,1,1,0,3,5,1,1965.0,1,384,426,0,0,140000
24.0,2289,6,1978,1978,0.0,311,544,855,855,586,1441,0,2,1,3,7,1,1978.0,2,440,28,0,0,148500
60.0,9600,4,1900,1950,0.0,0,1095,1095,1095,679,1774,1,2,0,4,8,0,1920.0,3,779,0,0,0,87000
52.0,9022,5,1924,2006,0.0,0,768,768,792,0,792,0,1,0,2,5,0,1924.0,1,240,316,0,0,109500
80.0,11844,8,2008,2008,464.0,0,2046,2046,2046,0,2046,0,2,1,3,7,1,2008.0,3,834,322,82,0,372500
69.0,9945,5,1961,1961,57.0,827,161,988,988,0,988,1,1,0,3,5,0,1963.0,2,572,0,0,0,128500
50.0,8012,6,1980,1980,0.0,543,261,923,923,0,923,0,2,0,2,5,1,1980.0,1,264,80,0,0,143000
55.0,4500,5,1932,2000,0.0,182,611,793,848,672,1520,0,1,0,3,6,0,1968.0,1,281,0,0,0,159434
69.0,2887,6,1996,1997,0.0,1003,288,1291,1291,0,1291,1,1,0,2,6,1,1996.0,2,431,307,0,0,173000
90.0,11248,9,2002,2002,215.0,1059,567,1626,1668,0,1668,1,2,0,3,7,1,2002.0,3,702,257,45,0,285000
58.0,16770,7,1998,1998,30.0,0,1195,1195,1195,644,1839,0,2,1,4,7,0,1998.0,2,486,0,81,0,221000
69.0,5062,7,1984,1984,0.0,828,180,1190,1190,900,2090,1,2,0,3,6,1,1984.0,2,577,219,0,0,207500
84.0,10207,7,2007,2007,0.0,0,874,874,874,887,1761,0,3,0,3,7,0,2007.0,2,578,144,105,0,227875
69.0,5105,7,2004,2004,0.0,239,312,551,551,551,1102,0,2,1,2,4,0,2004.0,2,480,0,60,0,148800
60.0,8089,8,2007,2007,0.0,945,474,1419,1419,0,1419,1,2,0,2,7,1,2007.0,2,567,140,0,0,392000
61.0,7577,6,2005,2006,256.0,20,1342,1362,1362,0,1362,0,2,0,2,6,1,2005.0,2,460,192,28,0,194700
69.0,4426,6,2004,2004,147.0,697,151,848,848,0,848,1,1,0,1,3,1,2004.0,2,420,149,0,0,141000
104.0,21535,10,1994,1995,1170.0,1455,989,2444,2444,1872,4316,0,3,1,4,10,2,1994.0,3,832,382,50,0,755000
42.0,26178,7,1989,1990,293.0,965,245,1210,1238,1281,2519,1,2,1,4,9,2,1989.0,2,628,320,27,0,335000
60.0,5400,5,1921,1968,0.0,0,1073,1073,1073,0,1073,0,1,0,2,4,0,1968.0,1,326,0,0,0,108480
51.0,6120,5,1936,1950,0.0,0,927,927,1067,472,1539,0,1,1,3,5,0,1995.0,2,576,112,0,0,141500
54.0,13811,6,1987,1987,72.0,980,92,1112,1137,0,1137,1,2,0,2,5,1,1987.0,2,551,125,0,0,176000
50.0,6000,5,1921,1950,0.0,616,0,616,616,0,616,0,1,0,2,4,0,1921.0,1,205,0,0,0,89000
57.0,6420,5,1952,1952,0.0,210,219,980,1148,0,1148,0,1,0,2,6,0,1952.0,1,308,0,0,0,123500
65.0,8450,5,1965,2009,0.0,553,224,894,894,0,894,1,1,0,3,5,1,1973.0,1,336,416,144,0,138500
59.0,4282,7,2004,2004,0.0,16,1375,1391,1391,0,1391,0,2,0,2,5,0,2004.0,2,530,156,158,0,196000
85.0,14331,8,2002,2002,630.0,1274,526,1800,1800,0,1800,1,2,0,3,7,1,2002.0,3,765,270,78,0,312500
80.0,9600,7,1969,1969,168.0,0,1164,1164,1164,0,1164,0,1,1,3,6,0,1969.0,2,528,0,0,0,140000
82.0,12438,8,2006,2006,466.0,0,1234,1234,1264,1312,2576,0,2,1,4,10,1,2006.0,3,666,324,100,0,361919
76.0,7630,5,1900,1996,0.0,0,360,360,1032,780,1812,0,2,0,4,8,1,1999.0,2,672,344,0,0,140000
70.0,8400,7,2004,2005,109.0,712,761,1473,1484,0,1484,1,2,0,3,7,0,2004.0,2,606,0,35,0,213000
70.0,5600,4,1930,1950,0.0,0,0,0,372,720,1092,0,2,0,3,7,0,1980.0,0,0,0,0,0,55000
69.0,115149,7,1971,2002,351.0,1219,424,1643,1824,0,1824,1,2,0,2,5,2,1971.0,2,739,380,48,0,302000
48.0,6240,8,2006,2006,176.0,863,461,1324,1324,0,1324,1,2,0,2,6,1,2006.0,2,550,192,38,0,254000
65.0,9018,7,2007,2007,0.0,0,728,728,728,728,1456,0,2,1,3,8,1,2007.0,2,400,100,24,0,179540
69.0,7162,5,1966,1966,41.0,0,876,876,904,0,904,0,1,0,3,6,0,1966.0,1,408,0,0,0,109900
56.0,4130,3,1935,2003,0.0,0,270,270,729,0,729,0,1,0,2,5,0,1980.0,0,0,0,0,0,52000
66.0,8712,4,1900,1950,0.0,0,859,859,859,319,1178,0,1,0,2,7,0,1964.0,1,384,68,0,0,102776
40.0,4671,8,1988,1989,0.0,767,461,1228,1228,0,1228,1,2,0,2,5,1,1988.0,2,472,168,120,0,189000
60.0,9873,4,1970,1970,160.0,789,171,960,960,0,960,1,1,0,3,6,0,1970.0,2,576,0,288,0,129000
69.0,13517,6,1976,2005,289.0,533,192,725,725,754,1479,0,2,1,3,6,0,1976.0,2,475,0,44,0,130500
78.0,10140,6,1974,1974,174.0,0,1064,1064,1350,0,1350,0,2,0,3,7,1,1974.0,2,478,0,0,0,165000
60.0,10800,7,1890,1998,0.0,0,718,718,1576,978,2554,0,1,1,3,8,0,1996.0,2,704,0,48,0,159500
80.0,10000,5,1973,2000,0.0,1084,92,1176,1178,0,1178,0,1,1,3,5,1,1973.0,2,439,224,0,0,157000
96.0,10542,7,1993,1994,651.0,1173,138,1311,1325,1093,2418,1,2,1,3,9,1,1993.0,3,983,250,154,0,341000
69.0,9920,5,1969,1969,0.0,523,448,971,971,0,971,0,1,1,3,5,1,1969.0,1,300,0,0,0,128500
69.0,6563,8,1985,1985,0.0,1148,594,1742,1742,0,1742,1,2,0,2,5,1,1985.0,2,564,114,28,0,275000
69.0,4426,6,2004,2004,169.0,662,186,848,848,0,848,1,1,0,1,3,0,2004.0,2,420,160,0,0,143000
70.0,8120,4,1970,1970,0.0,191,673,864,864,0,864,0,1,0,3,5,0,1994.0,2,463,0,0,0,124500
60.0,8172,4,1954,1972,0.0,0,941,941,997,473,1470,0,2,0,4,7,0,1958.0,1,548,0,0,156,135000
86.0,13286,9,2007,2008,340.0,1234,464,1698,1698,0,1698,1,2,0,3,8,1,2007.0,3,768,327,64,0,320000
60.0,6960,4,1970,1970,0.0,375,250,864,864,0,864,0,1,0,3,5,0,1989.0,2,660,96,0,0,120500
69.0,21695,6,1988,2007,260.0,808,72,880,1680,0,1680,1,2,0,3,5,1,1988.0,2,540,292,44,0,222000
64.0,7314,7,2007,2007,82.0,724,508,1232,1232,0,1232,1,2,0,2,6,0,2007.0,2,632,132,0,0,194500
85.0,11475,5,1958,1958,95.0,0,1584,1584,1776,0,1776,1,2,0,4,9,0,1968.0,3,888,0,25,0,110000
52.0,6240,4,1925,1950,0.0,152,628,780,848,0,1208,0,1,0,2,5,0,1962.0,2,539,0,23,0,103000
39.0,5389,8,1995,1996,0.0,1180,415,1595,1616,0,1616,1,2,0,2,5,1,1995.0,2,608,237,152,0,236500
73.0,9590,7,2003,2003,442.0,786,82,868,1146,0,1146,1,2,0,3,6,1,2003.0,2,438,160,22,0,187500
75.0,11404,7,1998,1999,202.0,252,901,1153,1153,878,2031,0,2,1,3,8,1,1998.0,2,541,192,84,0,222500
80.0,10000,5,1961,1983,0.0,594,270,864,1144,0,1144,1,1,0,3,6,1,1961.0,1,264,165,0,0,131400
69.0,8978,5,1968,1968,0.0,0,948,948,948,0,948,0,1,0,3,6,0,1968.0,1,300,147,0,0,108000
60.0,10800,7,1914,1970,0.0,390,490,880,880,888,1768,0,1,1,2,6,2,1914.0,2,320,0,341,0,163000
60.0,8544,3,1950,1950,0.0,0,0,0,1040,0,1040,0,2,0,2,6,0,1949.0,2,400,0,0,0,93500
72.0,10463,8,2005,2005,0.0,0,893,893,901,900,1801,0,2,1,3,8,1,2005.0,3,800,0,116,0,239900
60.0,10800,5,1987,1988,0.0,1200,0,1200,1200,0,1200,3,3,0,3,5,0,1980.0,0,0,120,0,0,179000
65.0,9313,7,2004,2004,0.0,0,864,864,864,864,1728,0,2,1,3,7,0,2004.0,2,572,187,56,0,190000
60.0,9600,5,1910,2002,0.0,0,264,264,768,664,1432,0,2,0,2,7,0,1910.0,2,360,270,0,0,132000
65.0,6768,6,1961,1996,0.0,832,80,912,912,0,912,1,1,0,3,5,0,1962.0,1,288,168,0,0,142000
65.0,8450,7,2000,2001,108.0,0,1349,1349,1349,0,1349,0,2,0,3,6,0,2000.0,2,539,120,55,0,179000
70.0,12886,5,1963,1999,0.0,444,76,520,1464,0,1464,0,2,0,3,6,1,1997.0,2,480,302,0,100,175000
41.0,5395,8,1993,1993,0.0,733,604,1337,1337,0,1337,1,2,0,2,5,1,1993.0,2,462,96,0,0,180000
69.0,8963,8,1976,1996,289.0,575,487,1142,1175,1540,2715,0,3,1,4,11,2,1994.0,2,831,0,204,0,299800
69.0,8795,7,2000,2000,0.0,300,652,952,980,1276,2256,0,2,1,4,8,1,2000.0,2,554,224,54,0,236000
65.0,11700,7,1880,2003,0.0,0,1240,1240,1320,1320,2640,0,1,1,4,8,1,1950.0,4,864,181,0,0,265979
59.0,10593,7,1996,1996,338.0,919,801,1720,1720,0,1720,1,2,0,3,7,1,1996.0,2,527,240,56,0,260400
50.0,8405,4,1945,1950,0.0,0,0,0,1088,441,1529,0,2,0,4,9,0,1945.0,1,240,92,0,0,98000
55.0,8800,4,1910,2004,0.0,0,576,576,792,348,1140,0,1,0,3,7,0,1980.0,0,0,0,160,0,96500
69.0,7750,7,2003,2003,0.0,0,660,660,660,660,1320,0,2,1,3,6,0,2003.0,2,400,0,48,0,162000
79.0,9236,6,1997,1997,0.0,1200,279,1479,1494,0,1494,1,2,0,3,6,0,1997.0,2,576,168,27,0,217000
80.0,10240,8,2005,2005,178.0,0,1030,1030,1038,1060,2098,0,2,1,3,8,1,2005.0,3,878,192,52,0,275500
61.0,7930,6,1969,2005,0.0,439,115,1026,1026,0,1026,1,1,0,3,5,0,1969.0,2,440,171,48,0,156000
34.0,3230,6,1999,1999,894.0,381,348,729,742,729,1471,0,2,1,3,6,0,1999.0,2,440,0,24,0,172500
68.0,10769,8,2007,2007,0.0,20,846,866,866,902,1768,0,2,1,3,7,0,2007.0,2,578,144,105,0,212000
69.0,11616,6,1978,1978,328.0,438,234,672,672,714,1386,0,2,1,3,6,1,1978.0,2,440,335,0,0,158900
24.0,2280,7,1999,1999,360.0,549,195,744,757,744,1501,0,2,1,3,6,0,1999.0,2,440,0,0,0,179400
65.0,12257,8,1995,1995,513.0,56,1198,1318,1328,1203,2531,0,2,1,4,9,1,1995.0,3,752,222,98,0,290000
70.0,9100,6,1959,1959,0.0,612,252,864,864,0,864,0,1,0,2,5,0,2008.0,1,300,0,0,0,127500
60.0,6911,5,1924,1950,0.0,405,740,1145,1301,0,1301,0,1,0,2,5,0,1965.0,2,440,0,0,0,100000
72.0,8640,7,2009,2009,0.0,24,732,756,764,783,1547,0,2,1,3,7,0,2009.0,2,614,169,45,0,215200
82.0,9430,8,1999,1999,673.0,1163,89,1252,1268,1097,2365,1,2,1,3,8,1,1999.0,3,856,0,128,180,337000
30.0,9549,8,1995,1996,0.0,437,0,1494,1494,0,1494,1,1,1,2,6,1,1995.0,2,481,0,30,216,270000
75.0,14587,9,2008,2008,284.0,0,1498,1498,1506,0,1506,0,2,0,2,6,1,2008.0,2,592,0,174,0,264132
80.0,10421,7,1988,1988,42.0,394,586,980,980,734,1714,0,2,1,3,7,1,1988.0,2,496,228,66,0,196500
75.0,12508,6,1940,1985,0.0,660,323,983,983,767,1750,1,2,0,4,7,0,1989.0,1,423,245,0,0,160000
70.0,9100,7,2004,2005,0.0,24,1836,1860,1836,0,1836,0,2,0,3,8,1,2004.0,2,484,120,33,0,216837
47.0,53504,8,2003,2003,603.0,1416,234,1650,1690,1589,3279,1,3,1,4,12,1,2003.0,3,841,503,36,210,538000
69.0,7252,5,1982,1982,0.0,685,173,858,858,0,858,1,1,0,2,5,0,1983.0,2,576,120,0,0,134900
67.0,8877,4,1951,1951,0.0,836,0,836,1220,0,1220,0,1,0,2,6,0,1951.0,2,396,0,0,0,102000
94.0,7819,6,1976,1976,0.0,422,480,1029,1117,0,1117,1,1,0,3,6,1,1976.0,2,672,144,0,0,107000
70.0,10150,5,1958,1958,1.0,456,456,912,912,0,912,0,1,0,2,5,0,1958.0,1,275,0,0,0,114500
110.0,14226,8,2006,2006,375.0,0,1935,1935,1973,0,1973,0,2,0,3,9,1,2006.0,3,895,315,45,0,395000
32.0,4500,6,1998,1998,320.0,866,338,1204,1204,0,1204,1,2,0,2,5,0,1998.0,2,412,0,247,0,162000
86.0,11210,7,2005,2006,240.0,20,1594,1614,1614,0,1614,0,2,0,3,7,0,2005.0,3,865,144,59,0,221500
100.0,13350,5,1974,1974,0.0,762,102,864,894,0,894,1,1,0,3,5,1,1974.0,2,440,241,0,0,142500
60.0,8400,5,1977,1977,320.0,0,0,0,2020,0,2020,0,2,0,4,10,2,1977.0,2,630,0,0,0,144000
78.0,10530,6,1977,1977,90.0,975,0,975,1004,0,1004,1,1,0,2,4,0,1977.0,2,504,0,0,0,135000
63.0,7875,7,1995,1996,38.0,0,1237,1237,1253,0,1253,0,2,0,3,6,1,1995.0,2,402,220,21,0,176000
65.0,7153,6,1992,1992,0.0,387,374,761,810,793,1603,0,2,1,3,7,0,1992.0,2,484,0,124,0,175900
67.0,16285,7,2001,2002,0.0,0,1413,1413,1430,0,1430,0,2,0,3,6,0,2001.0,2,605,0,33,0,187100
69.0,9101,5,1978,1978,104.0,1097,0,1097,1110,0,1110,1,1,0,1,4,1,1978.0,2,602,303,30,0,165500
35.0,6300,6,1914,2001,0.0,0,742,742,742,742,1484,0,2,0,3,9,1,1980.0,0,0,0,291,0,128000
69.0,9790,6,1967,1967,0.0,251,491,1372,1342,0,1342,0,2,0,3,7,1,1967.0,2,457,0,0,197,161500
60.0,10800,5,1915,1950,0.0,686,0,686,966,686,1652,1,2,0,4,7,0,1961.0,1,416,0,0,0,139000
76.0,10142,7,2004,2004,0.0,656,300,956,956,1128,2084,1,2,1,4,8,0,2004.0,2,618,0,45,0,233000
50.0,6000,4,1954,2000,0.0,0,901,901,901,0,901,0,1,0,2,4,0,1954.0,1,281,0,0,0,107900
69.0,12205,6,1966,2007,157.0,568,264,832,976,1111,2087,0,2,1,5,9,0,1966.0,2,444,133,168,0,187500
43.0,3182,7,2005,2006,11.0,16,1129,1145,1145,0,1145,0,2,0,2,5,1,2005.0,2,397,100,16,0,160200
69.0,11333,6,1976,1976,0.0,539,490,1029,1062,0,1062,1,1,0,3,5,2,1976.0,2,539,120,0,0,146800
92.0,9920,7,1996,1997,0.0,862,255,1117,1127,886,2013,1,2,1,3,8,1,1997.0,2,455,180,130,0,269790
76.0,9158,8,2007,2007,140.0,0,1496,1496,1496,0,1496,0,2,0,3,7,0,2007.0,2,474,168,130,0,225000
69.0,10832,7,1994,1996,0.0,0,712,712,1086,809,1895,0,2,1,3,7,1,1994.0,2,409,143,46,0,194500
70.0,8400,6,1980,1981,130.0,0,650,650,888,676,1564,0,2,1,3,7,1,1980.0,2,476,0,50,204,171000
71.0,8197,6,1977,1977,148.0,0,660,660,1285,0,1285,0,1,1,3,7,1,1977.0,2,528,138,0,0,143500
57.0,7677,5,1953,1953,0.0,570,203,773,773,0,773,0,1,0,2,4,0,1953.0,1,240,0,0,0,110000
104.0,13518,9,2008,2009,860.0,0,1926,1926,1966,1174,3140,0,3,1,4,11,2,2009.0,3,820,144,78,0,485000
60.0,7200,5,1937,1950,252.0,569,162,731,981,787,1768,1,1,1,3,7,2,1939.0,1,240,0,0,0,175000
79.0,12798,6,1997,1997,0.0,462,154,616,616,1072,1688,1,2,1,4,8,0,1997.0,2,603,403,114,0,200000
40.0,4800,4,1916,1990,0.0,197,999,1196,1196,0,1196,1,1,0,2,5,0,1957.0,2,440,0,0,0,109900
63.0,8199,7,2005,2005,0.0,648,80,728,728,728,1456,1,2,1,3,7,1,2005.0,2,410,36,18,0,189000
107.0,13891,9,2008,2009,424.0,0,1734,1734,1734,1088,2822,0,3,1,4,12,1,2009.0,3,1020,52,170,192,582933
75.0,9000,5,1954,1954,0.0,812,124,936,1128,0,1128,0,1,0,2,5,0,1954.0,1,286,0,0,0,118000
91.0,12274,7,2008,2008,256.0,0,1417,1417,1428,0,1428,0,2,0,3,6,0,2008.0,2,554,0,60,0,227680
75.0,9750,5,1967,1967,0.0,400,100,980,980,0,980,0,2,0,3,6,0,1967.0,1,384,68,0,0,135500
144.0,21384,5,1923,2004,0.0,1309,15,1324,1072,504,1576,2,1,1,3,6,1,1923.0,2,528,0,312,0,223500
85.0,13400,5,1966,1966,1047.0,516,380,1024,1086,0,1086,1,1,0,3,6,1,1966.0,2,484,0,0,0,159950
90.0,8100,5,1898,1965,0.0,0,849,849,1075,1063,2138,0,2,0,2,11,0,1910.0,2,360,40,156,0,106000
78.0,10140,6,1974,1999,99.0,663,0,1040,1309,0,1309,1,1,1,3,5,1,1974.0,2,484,265,0,0,181000
69.0,4438,6,2004,2004,169.0,662,186,848,848,0,848,1,1,0,1,4,1,2004.0,2,420,140,0,0,144500
66.0,8712,5,1952,1952,0.0,0,540,540,1044,0,1044,0,1,0,2,4,0,1952.0,2,504,0,0,0,55993
75.0,9750,6,1958,1958,243.0,608,834,1442,1442,0,1442,0,1,1,4,7,0,1958.0,1,301,0,0,0,157900
45.0,8248,5,1918,1950,0.0,0,686,686,686,564,1250,0,1,1,3,7,0,1955.0,1,280,207,0,0,116000
48.0,12137,7,1998,1998,442.0,0,1649,1649,1661,0,1661,0,2,0,3,6,0,1998.0,2,598,0,34,0,224900
69.0,11425,5,1954,1954,0.0,486,522,1008,1008,0,1008,0,1,0,2,4,1,1954.0,1,275,0,0,0,137000
69.0,13265,8,2002,2002,148.0,1218,350,1568,1689,0,1689,1,2,0,3,7,2,2002.0,3,857,150,59,0,271000
80.0,8816,6,1971,1971,80.0,504,506,1010,1052,0,1052,1,1,0,3,6,0,1971.0,2,440,0,0,0,155000
44.0,6371,7,2009,2010,128.0,733,625,1358,1358,0,1358,1,2,0,2,6,1,2010.0,2,484,192,35,0,224000
72.0,7226,7,2003,2003,0.0,0,798,798,798,842,1640,0,2,1,3,6,0,2003.0,2,595,0,45,0,183000
60.0,6000,4,1953,1953,0.0,0,936,936,936,0,936,0,1,0,2,4,0,1974.0,2,576,0,32,0,93000
69.0,12394,7,2003,2003,0.0,0,847,847,847,886,1733,0,2,1,3,7,1,2003.0,2,433,100,48,0,225000
60.0,9900,6,1940,1950,0.0,0,778,778,944,545,1489,0,2,0,3,7,1,1940.0,1,240,335,0,0,139500
81.0,11216,8,2006,2006,0.0,0,1489,1489,1489,0,1489,0,2,0,3,7,1,2006.0,2,776,0,140,0,232600
114.0,14803,10,2007,2008,816.0,1636,442,2078,2084,0,2084,1,2,0,2,7,1,2007.0,3,1220,188,45,0,385000
50.0,6130,5,1924,1950,0.0,784,0,784,784,0,784,1,1,0,2,5,0,1980.0,0,0,0,0,0,109500
65.0,8529,7,2001,2001,0.0,20,1434,1454,1434,0,1434,0,2,0,3,6,1,2001.0,2,527,290,39,0,189000
69.0,28698,5,1967,1967,0.0,249,0,1013,1160,966,2126,0,2,1,3,7,0,1967.0,2,538,486,0,225,185000
24.0,2544,7,2005,2005,0.0,0,600,600,520,623,1223,0,2,1,2,4,0,2005.0,2,480,0,166,0,147400
80.0,11900,6,1957,1957,387.0,1040,352,1392,1392,0,1392,1,1,1,3,6,2,1957.0,2,458,0,0,192,166000
30.0,3180,7,2005,2005,0.0,0,600,600,520,600,1200,0,2,1,2,4,0,2005.0,2,480,0,166,0,151000
44.0,9548,7,2003,2003,223.0,483,458,941,941,888,1829,1,2,1,3,7,1,2003.0,2,613,192,39,0,237000
100.0,10004,6,1964,1964,180.0,196,975,1516,1516,0,1516,0,1,1,3,6,0,1964.0,2,472,0,0,152,167000
75.0,7875,5,1961,1961,136.0,572,572,1144,1144,0,1144,1,1,0,3,6,0,1961.0,2,456,0,0,0,139950
60.0,9600,4,1950,1995,0.0,442,625,1067,1067,0,1067,0,2,0,2,4,0,1996.0,2,436,290,0,0,128000
90.0,8100,5,1948,1973,0.0,338,1221,1559,1559,0,1559,1,1,0,2,5,0,1948.0,2,812,0,116,0,153500
21.0,1680,6,1973,1973,158.0,330,153,483,483,504,987,1,1,1,2,5,0,1973.0,1,264,0,0,0,100000
75.0,9525,5,1995,2006,0.0,0,1099,1099,1099,0,1099,0,1,1,3,6,0,1999.0,1,352,278,0,0,144000
70.0,11767,5,1946,1995,0.0,352,416,768,768,432,1200,0,1,0,3,6,0,1946.0,1,240,0,0,0,130500
69.0,12155,6,1925,1950,0.0,156,516,672,810,672,1482,0,2,0,4,7,0,1934.0,1,400,0,0,0,140000
60.0,10440,5,1904,2002,0.0,0,650,650,958,581,1539,0,2,0,3,8,1,1983.0,2,686,70,78,0,157500
82.0,9020,6,1966,1966,183.0,312,276,1127,1165,0,1165,1,1,1,3,6,0,1966.0,2,490,0,129,0,174900
80.0,8000,5,1961,1961,0.0,0,1800,1800,1800,0,1800,0,2,0,6,10,0,1980.0,0,0,0,0,0,141000
100.0,12665,5,1915,1950,0.0,0,876,876,876,540,1416,0,1,1,4,7,1,1949.0,3,720,418,0,0,153900
69.0,16647,5,1975,1981,0.0,1390,0,1390,1701,0,1701,1,2,0,3,6,2,1975.0,2,611,0,0,0,171000
75.0,9317,7,1993,1993,137.0,513,227,740,1006,769,1775,1,2,1,3,7,1,1993.0,2,425,234,72,0,213000
36.0,15523,5,1972,1972,0.0,460,404,864,864,0,864,1,1,0,3,5,1,1972.0,1,338,0,0,0,133500
75.0,45600,6,1908,1997,0.0,0,907,907,1307,1051,2358,0,3,0,5,10,1,1908.0,2,360,486,40,175,240000
80.0,9600,6,1976,1994,360.0,0,528,528,1094,761,1855,0,2,1,3,7,1,1976.0,2,512,113,100,0,187000
36.0,4435,6,2003,2003,170.0,659,189,848,848,0,848,1,1,0,1,3,0,2003.0,2,420,140,0,0,131500
69.0,3196,8,2003,2003,40.0,0,1273,1273,1456,0,1456,0,2,0,2,7,1,2003.0,2,400,143,20,0,215000
53.0,7128,7,1941,1950,0.0,364,554,918,918,728,1646,0,2,0,4,7,2,1941.0,1,240,0,0,126,164000
69.0,12095,6,1964,1964,115.0,564,563,1127,1445,0,1445,0,1,1,3,7,1,1964.0,2,645,180,0,0,158000
102.0,17920,5,1955,1974,0.0,306,372,1763,1779,0,1779,1,1,1,3,6,1,1955.0,2,454,0,418,312,170000
69.0,6897,5,1962,2010,0.0,659,381,1040,1040,0,1040,1,1,1,3,6,0,1962.0,1,260,0,104,0,127000
69.0,10970,6,1978,1978,0.0,505,0,940,1026,0,1026,1,1,0,3,5,0,1981.0,2,576,0,0,0,147000
65.0,8125,6,1994,1995,0.0,0,702,702,702,779,1481,0,2,1,3,6,1,1994.0,2,343,0,36,0,174000
80.0,10400,7,1976,1976,189.0,0,1090,1090,1370,0,1370,0,2,0,3,6,1,1976.0,2,479,0,0,0,152000
69.0,11029,6,1968,1984,220.0,619,435,1054,1512,1142,2654,1,2,1,4,9,1,1968.0,2,619,0,65,222,250000
55.0,7642,7,1918,1998,0.0,0,912,912,912,514,1426,0,1,1,3,7,1,1925.0,1,216,0,240,0,189950
75.0,11625,5,1965,1965,0.0,841,198,1039,1039,0,1039,1,1,1,3,6,0,1965.0,2,504,0,0,0,131500
81.0,9672,6,1984,1985,0.0,338,702,1040,1097,0,1097,0,2,0,3,6,0,1986.0,2,480,0,0,0,152000
70.0,7931,5,1959,1959,0.0,1148,0,1148,1148,0,1148,1,1,0,3,6,0,1959.0,1,672,0,0,0,132500
72.0,8640,7,2007,2008,0.0,0,1372,1372,1372,0,1372,0,2,0,3,6,0,2008.0,2,529,0,140,0,250580
69.0,8750,5,1970,1970,76.0,828,174,1002,1002,0,1002,1,1,0,3,5,0,1973.0,2,902,0,0,0,148500
67.0,10656,8,2006,2007,274.0,0,1638,1638,1646,0,1646,0,2,0,3,6,1,2007.0,3,870,192,80,0,248900
85.0,6970,4,1961,1961,0.0,932,108,1040,1120,0,1120,1,1,1,3,5,0,1961.0,2,544,168,0,0,129000
69.0,14762,5,1948,1950,0.0,0,0,0,1547,720,2320,0,2,0,2,7,1,1979.0,2,672,120,144,0,169000
80.0,9938,7,1993,1994,246.0,750,300,1050,1062,887,1949,1,2,1,3,8,1,1993.0,2,574,156,90,0,236000
60.0,6600,5,1962,1962,0.0,0,894,894,894,0,894,0,1,0,2,5,0,1962.0,1,308,0,0,0,109500
70.0,8750,6,1998,1998,116.0,505,299,804,804,878,1682,0,2,1,3,7,0,1998.0,2,523,0,77,0,200500
74.0,8892,5,1953,1996,0.0,0,105,105,910,0,910,0,1,0,3,5,0,1953.0,2,414,196,0,0,116000
60.0,12144,5,1949,1950,0.0,375,457,832,1036,0,1268,0,1,0,3,6,1,1949.0,1,288,0,28,0,133000
52.0,5720,5,1941,1950,0.0,0,676,676,676,455,1131,0,1,1,3,5,0,1941.0,1,200,26,0,0,66500
75.0,9000,8,2007,2007,0.0,64,1120,1184,1184,1426,2610,0,2,1,4,11,1,2007.0,2,550,208,364,0,303477
94.0,25286,4,1963,1963,0.0,633,431,1064,1040,0,1040,1,1,0,3,5,0,1963.0,2,648,0,0,0,132250
74.0,8834,9,2004,2005,216.0,1170,292,1462,1462,762,2224,1,2,1,4,10,1,2004.0,3,738,184,0,0,350000
88.0,11782,5,1961,1995,0.0,899,210,1109,1155,0,1155,1,1,0,3,6,0,1987.0,2,576,192,0,0,148000
69.0,7000,5,1978,2005,90.0,646,218,864,864,0,864,1,1,0,3,6,0,1978.0,1,336,0,0,0,136500
60.0,7024,5,2005,2006,0.0,980,110,1090,1090,0,1090,1,1,1,2,5,0,2005.0,2,450,0,49,0,157000
44.0,13758,7,1990,1991,117.0,902,254,1156,1187,530,1717,0,2,1,3,7,1,1990.0,2,400,168,36,0,187500
69.0,9636,6,1992,1993,0.0,0,808,808,808,785,1593,0,2,1,3,7,1,1993.0,2,389,342,40,0,178000
60.0,6204,4,1912,1950,0.0,0,795,795,954,795,2230,1,1,0,5,10,0,1997.0,1,440,0,188,0,118500
65.0,7150,5,1967,1967,60.0,432,460,892,892,0,892,0,1,0,3,5,0,1967.0,1,288,0,0,0,100000
50.0,5119,9,1999,2000,60.0,1238,460,1698,1709,0,1709,1,2,0,2,5,1,1999.0,2,506,97,65,0,328900
70.0,8393,5,1959,2005,122.0,528,1098,1626,1712,0,1712,0,2,0,4,8,0,2005.0,2,588,272,54,0,145000
59.0,16466,5,1955,1955,0.0,0,816,816,872,521,1393,0,1,1,3,8,0,1955.0,1,300,121,0,265,135500
95.0,15865,8,1970,1970,0.0,351,1043,2217,2217,0,2217,1,2,0,4,8,1,1970.0,2,621,81,207,224,268000
128.0,12160,6,1953,1953,90.0,1024,481,1505,1505,0,1505,1,1,0,2,6,1,1953.0,2,505,0,0,0,149500
60.0,8064,5,1949,2006,0.0,0,672,672,672,252,924,0,1,0,3,6,1,2003.0,2,576,0,0,0,122900
70.0,11184,6,1978,1978,92.0,226,192,918,918,765,1683,0,2,1,3,7,1,1978.0,2,440,243,0,0,172500
70.0,8414,6,1963,2003,0.0,663,396,1059,1068,0,1068,0,1,0,3,6,0,1963.0,1,264,192,0,0,154500
69.0,13284,5,1954,1954,0.0,1064,319,1383,1383,0,1383,1,1,0,3,6,1,1954.0,1,354,511,116,0,165000
64.0,7018,5,1979,1979,0.0,0,0,0,1535,0,1535,0,2,0,4,8,0,1979.0,2,400,0,0,0,118858
71.0,7056,6,1963,1963,415.0,400,380,780,983,813,1796,1,1,1,4,8,1,1963.0,2,483,0,50,0,140000
50.0,8765,4,1936,1950,0.0,285,666,951,951,0,951,0,1,0,2,6,0,1936.0,1,327,0,28,0,106500
64.0,7018,5,1979,1979,0.0,0,0,0,1120,1120,2240,0,2,0,6,12,0,1979.0,2,528,154,0,0,142953
100.0,12919,9,2009,2010,760.0,2188,142,2330,2364,0,2364,1,2,1,2,11,2,2009.0,3,820,0,67,0,611657
65.0,6993,5,1961,1994,0.0,465,447,912,1236,0,1236,0,1,0,3,6,1,1961.0,1,288,0,0,0,135000
69.0,7340,4,1971,1971,0.0,322,536,858,858,0,858,0,1,0,2,4,0,1979.0,1,684,0,0,0,110000
64.0,8712,5,1957,2000,0.0,860,132,992,1306,0,1306,1,1,0,2,5,0,1968.0,1,756,0,0,0,153000
63.0,7875,7,2003,2003,0.0,0,783,783,807,702,1509,0,2,1,3,8,1,2003.0,2,393,0,75,0,180000
50.0,14859,7,2006,2006,27.0,0,1670,1670,1670,0,1670,0,2,0,3,7,1,2006.0,3,690,144,60,0,240000
69.0,6173,5,1967,1967,75.0,599,277,876,902,0,902,0,1,0,3,6,0,1967.0,1,288,0,0,0,125500
80.0,9920,5,1954,1954,110.0,354,412,1056,1063,0,1063,1,1,0,3,6,0,1954.0,1,280,0,0,0,128000
116.0,13501,8,2006,2006,208.0,63,1560,1623,1636,0,1636,1,2,0,3,8,1,2006.0,3,865,0,60,0,255000
86.0,11500,7,1936,1987,0.0,223,794,1017,1020,1037,2057,0,1,1,3,6,1,1936.0,1,180,0,0,322,250000
69.0,8885,5,1983,1983,0.0,301,239,864,902,0,902,1,1,0,2,5,0,1983.0,2,484,164,0,0,131000
149.0,12589,6,2005,2005,0.0,0,742,742,742,742,1484,0,2,1,3,8,1,2005.0,2,390,36,24,0,174000
80.0,11600,5,1960,1960,361.0,443,662,1105,1105,1169,2274,0,2,0,5,12,0,1960.0,2,480,0,0,0,154300
69.0,9286,5,1977,1989,0.0,196,1072,1268,1268,0,1268,0,1,1,3,5,0,1978.0,1,252,173,0,0,143500
51.0,6120,5,1925,1950,0.0,489,279,768,1015,0,1015,0,1,0,3,6,0,1925.0,1,450,0,0,120,88000
82.0,6270,5,1949,1950,0.0,284,717,1001,1001,1001,2002,0,2,0,4,8,0,1949.0,3,871,0,0,0,145000
30.0,3000,6,2009,2009,76.0,294,318,612,612,612,1224,0,2,1,2,4,0,2009.0,2,528,0,234,0,173733
21.0,2001,4,1970,1970,80.0,0,546,546,546,546,1092,0,1,1,3,6,0,1970.0,1,286,0,0,0,75000
50.0,9000,2,1949,1950,0.0,50,430,480,480,0,480,1,0,0,1,4,0,1958.0,1,308,0,0,0,35311
69.0,17140,4,1956,1956,0.0,1059,75,1134,1229,0,1229,0,1,0,3,6,0,1956.0,1,284,0,0,0,135000
103.0,13125,7,1991,1991,0.0,48,422,1104,912,1215,2127,1,2,1,4,8,1,1991.0,3,833,72,192,0,238000
87.0,11029,6,1958,2002,0.0,528,245,1184,1414,0,1414,1,1,0,3,6,1,1990.0,2,601,0,51,190,176500
70.0,8462,6,1994,1994,105.0,814,114,928,936,785,1721,0,2,1,3,7,0,1994.0,2,471,300,87,0,201000
67.0,8777,5,1900,2003,0.0,1084,188,1272,1272,928,2200,2,2,2,4,9,0,1980.0,0,0,0,70,0,145900
65.0,10237,6,2005,2006,0.0,28,1288,1316,1316,0,1316,0,2,0,3,6,1,2005.0,2,397,100,0,0,169990
50.0,8012,6,1993,1994,0.0,165,598,1604,1617,0,1617,1,2,0,2,5,1,1993.0,2,533,0,69,0,193000
79.0,10240,6,1980,1980,157.0,625,0,1686,1686,0,1686,1,2,0,3,7,1,1980.0,2,612,384,131,0,207500
69.0,15611,5,1977,1977,0.0,767,266,1126,1126,0,1126,0,2,0,3,6,0,1977.0,2,540,180,0,0,175000
93.0,11999,8,2003,2004,340.0,0,1181,1181,1234,1140,2374,0,2,1,4,10,1,2003.0,3,656,104,100,0,285000
69.0,9900,7,1968,1968,342.0,552,280,832,1098,880,1978,0,2,1,4,9,1,1968.0,2,486,0,43,0,176000
69.0,11838,8,2001,2001,0.0,0,1753,1753,1788,0,1788,0,2,0,3,7,1,2001.0,2,522,202,151,0,236500
69.0,13006,7,1997,1997,285.0,0,964,964,993,1243,2236,0,2,1,4,8,1,1997.0,2,642,0,0,0,222000
73.0,8925,8,2007,2007,0.0,16,1450,1466,1466,0,1466,0,2,0,3,7,0,2007.0,3,610,100,18,0,201000
70.0,9100,5,1965,1965,0.0,338,121,925,925,0,925,0,1,0,2,5,0,1965.0,1,429,0,0,0,117500
84.0,11670,9,2006,2006,302.0,0,1905,1905,1905,0,1905,0,2,0,3,8,1,2006.0,3,788,0,191,0,320000
63.0,8487,7,2004,2004,210.0,20,1480,1500,1500,0,1500,0,2,0,3,6,0,2004.0,2,570,192,36,0,190000
313.0,27650,7,1960,2007,0.0,425,160,585,2069,0,2069,1,2,0,4,9,1,1960.0,2,505,0,0,0,242000
52.0,5825,4,1926,1953,108.0,0,600,600,747,0,747,0,1,0,1,5,0,1953.0,2,528,0,0,0,79900
67.0,10083,7,2003,2003,0.0,833,343,1176,1200,0,1200,1,2,0,2,5,0,2003.0,2,555,0,41,0,184900
75.0,9675,7,2005,2005,0.0,341,772,1113,1113,858,1971,0,2,1,3,8,1,2005.0,2,689,0,48,0,253000
73.0,8760,7,2006,2006,0.0,464,927,1391,1391,571,1962,0,2,1,3,7,0,2006.0,3,868,0,90,0,239799
69.0,24090,7,1940,1950,0.0,0,1032,1032,1207,1196,2403,0,2,0,4,10,2,1940.0,1,349,56,0,0,244400
55.0,12640,6,1976,1976,0.0,936,396,1728,1728,0,1728,0,2,0,4,8,0,1976.0,2,574,40,0,0,150900
69.0,8755,7,1999,1999,298.0,772,220,992,1022,1038,2060,1,2,1,3,8,1,1999.0,2,390,0,0,0,214000
42.0,7711,4,1977,1977,0.0,1440,0,1440,1440,0,1440,2,2,0,4,8,0,1980.0,0,0,321,0,0,150000
100.0,25000,5,1967,1967,0.0,0,1632,1632,1632,0,1632,0,2,0,4,8,0,1967.0,2,576,0,0,0,143000
69.0,14375,6,1958,1958,541.0,111,354,819,1344,0,1344,0,1,0,3,7,1,1958.0,2,525,0,118,233,137500
98.0,8820,5,1890,1996,0.0,1088,0,1088,1188,561,1869,0,1,0,2,7,0,1963.0,2,456,48,0,0,124900
70.0,8163,5,1959,1959,128.0,748,102,1144,1144,0,1144,1,1,0,3,6,1,1959.0,1,796,86,0,0,143000
85.0,14536,8,2002,2003,236.0,1300,316,1616,1629,0,1629,1,2,0,3,9,1,2002.0,3,808,0,252,0,270000
65.0,14006,7,2002,2002,144.0,0,936,936,936,840,1776,0,2,1,3,7,1,2002.0,2,474,144,96,0,192500
78.0,9360,6,1972,2006,0.0,982,179,1161,1381,0,1381,1,1,1,3,5,1,1972.0,2,676,0,0,0,197500
60.0,7200,5,1950,2002,0.0,398,317,864,864,0,864,1,1,0,3,5,0,1980.0,2,720,194,0,0,129000
60.0,7800,5,1965,1965,0.0,641,187,828,965,0,965,1,1,0,3,6,0,1979.0,1,300,421,0,0,119900
60.0,7200,5,1972,2003,0.0,660,108,768,768,0,768,0,1,0,2,5,0,1974.0,1,396,192,0,0,133900
69.0,11075,5,1969,1969,232.0,562,29,784,1168,800,1968,0,2,1,4,7,1,1969.0,2,530,305,189,0,172000
35.0,9400,6,1975,1975,250.0,945,0,945,980,0,980,0,2,0,4,4,0,1980.0,0,0,0,0,0,127500
82.0,7136,6,1946,1950,423.0,484,495,979,979,979,1958,0,2,0,4,8,0,1946.0,2,492,0,0,0,145000
24.0,1300,6,1980,1980,0.0,285,276,561,561,668,1229,0,1,1,2,5,1,1980.0,2,462,150,0,0,124000
70.0,7420,5,1962,1962,0.0,417,640,1057,1057,0,1057,0,1,0,3,6,0,1977.0,2,576,0,0,0,132000
65.0,8450,7,2003,2003,0.0,699,638,1337,1337,0,1337,1,2,0,3,6,0,2003.0,2,531,0,39,0,185000
24.0,2572,7,1999,1999,0.0,604,92,696,696,720,1416,1,2,1,3,6,0,1999.0,2,484,0,44,0,155000
50.0,7207,5,1958,2008,0.0,696,162,858,858,0,858,1,1,0,2,4,0,1980.0,0,0,117,0,0,116500
69.0,12227,6,1977,1995,424.0,896,434,1330,1542,1330,2872,1,2,1,4,11,1,1977.0,2,619,550,282,0,272000
24.0,2308,6,1976,1976,0.0,556,248,804,804,744,1548,1,2,1,3,7,1,1976.0,2,440,48,0,0,155000
122.0,11923,9,2007,2007,0.0,0,1800,1800,1800,0,1800,0,2,0,2,7,0,2007.0,2,702,288,136,0,239000
80.0,11316,7,2002,2003,44.0,624,193,817,824,1070,1894,1,2,1,4,8,1,2002.0,2,510,0,40,0,214900
65.0,10237,6,2005,2007,0.0,0,783,783,783,701,1484,0,2,1,3,8,1,2005.0,2,393,0,72,0,178900
130.0,9600,5,1940,1950,0.0,428,300,728,976,332,1308,1,1,1,2,7,2,1940.0,1,256,0,70,0,160000
69.0,7390,5,1955,1955,151.0,902,196,1098,1098,0,1098,1,1,0,3,6,0,1955.0,1,260,0,0,0,135000
50.0,5925,3,1910,1950,0.0,0,600,600,600,368,968,0,1,0,2,6,0,1980.0,0,0,0,0,0,37900
75.0,10382,6,1958,1958,105.0,513,75,588,1095,0,1095,1,1,0,2,6,0,1958.0,1,264,0,0,0,140000
60.0,10800,4,1949,1950,0.0,0,720,720,720,472,1192,0,1,1,4,6,0,1980.0,0,0,0,0,0,135000
36.0,2268,7,2003,2004,106.0,567,197,764,764,862,1626,0,2,0,2,6,0,2003.0,2,474,0,27,0,173000
55.0,7892,6,1979,1979,0.0,0,918,918,918,0,918,0,2,0,2,5,1,1979.0,1,264,28,0,0,99500
95.0,11639,7,2007,2008,0.0,0,1428,1428,1428,0,1428,0,2,0,3,6,0,2007.0,2,480,0,120,0,182000
60.0,11414,7,1910,1993,0.0,0,728,728,1136,883,2019,0,1,0,3,8,0,1997.0,2,532,509,135,0,167500
69.0,2651,7,2000,2000,0.0,641,32,673,673,709,1382,1,2,1,3,6,0,2000.0,2,490,153,50,0,165000
51.0,5900,4,1923,1958,0.0,0,440,440,869,0,869,0,1,0,2,4,0,1980.0,0,0,0,0,0,85500
35.0,4274,7,2006,2007,0.0,1106,135,1241,1241,0,1241,1,1,1,1,4,0,2007.0,2,569,0,116,0,199900
68.0,9450,4,1954,1954,0.0,552,342,894,894,0,894,0,1,0,3,5,0,1999.0,2,400,0,0,0,110000
80.0,8816,5,1963,1963,0.0,651,470,1121,1121,0,1121,1,1,0,3,5,0,1963.0,2,480,0,80,0,139000
69.0,12122,7,1961,2007,210.0,867,77,944,999,0,999,1,1,0,3,6,0,1961.0,2,588,144,76,0,178400
98.0,12203,8,1998,1999,975.0,854,371,1225,1276,1336,2612,1,2,1,4,8,1,1998.0,3,676,250,0,0,336000
43.0,3182,7,2007,2007,16.0,0,1266,1266,1266,0,1266,0,2,0,2,6,1,2007.0,2,388,100,16,0,159895
69.0,11250,8,2002,2002,0.0,0,1128,1128,1149,1141,2290,0,2,1,4,9,1,2002.0,2,779,0,0,0,255900
75.0,10125,5,1977,1977,0.0,0,0,0,1302,432,1734,0,2,0,4,8,0,1977.0,2,539,0,0,0,126000
68.0,10880,5,1950,1950,0.0,1040,124,1164,1164,0,1164,1,1,0,3,5,0,1950.0,1,240,0,48,0,125000
59.0,5310,6,1910,2003,0.0,0,485,485,1001,634,1635,0,1,0,2,5,0,1950.0,1,255,394,0,0,117000
83.0,10159,9,2009,2010,450.0,1646,284,1930,1940,0,1940,1,2,1,3,8,1,2010.0,3,606,168,95,0,395192
69.0,12046,6,1976,1976,298.0,156,692,848,1118,912,2030,0,2,1,4,8,1,1976.0,2,551,0,224,0,195000
65.0,8125,7,2006,2006,0.0,0,770,770,778,798,1576,0,2,1,3,6,0,2006.0,2,614,0,50,0,197000
82.0,9452,8,1997,1998,423.0,1074,322,1396,1407,985,2392,1,2,1,3,7,1,1997.0,3,870,0,70,0,348000
121.0,17671,8,1882,1986,0.0,216,700,916,916,826,1742,0,1,1,4,8,1,1925.0,2,424,0,169,0,168000
80.0,9760,6,1964,1993,340.0,536,169,822,1020,831,1851,0,2,1,3,7,1,1964.0,2,440,239,42,0,187000
68.0,8846,6,2005,2006,0.0,0,750,750,750,750,1500,0,2,1,3,6,0,2005.0,2,564,0,35,0,173900
96.0,12456,10,2006,2007,230.0,1172,528,1700,1718,0,1718,1,2,0,3,7,1,2008.0,3,786,216,48,0,337500
51.0,4712,4,1946,1950,0.0,384,363,747,774,456,1230,1,1,1,3,5,0,1946.0,1,305,0,57,63,121600
69.0,10659,5,1961,1961,0.0,915,135,1050,1050,0,1050,1,1,0,3,6,0,1961.0,1,368,0,319,0,136500
69.0,11717,6,1970,1970,571.0,0,1442,1442,1442,0,1442,0,2,0,2,6,1,1970.0,2,615,371,0,0,185000
60.0,9786,3,1922,1950,0.0,0,1007,1007,1077,0,1077,0,1,0,3,6,1,1922.0,1,210,0,100,0,91000
64.0,6762,7,2006,2006,24.0,686,501,1187,1208,0,1208,1,2,0,2,6,0,2006.0,2,632,105,61,0,206000
74.0,10206,3,1952,1952,0.0,0,0,0,944,0,944,0,1,0,2,4,0,1956.0,2,528,0,0,0,82000
60.0,5400,5,1920,1950,0.0,0,691,691,691,0,691,0,1,0,2,4,0,1920.0,1,216,0,20,0,86000
75.0,11957,8,2006,2006,53.0,24,1550,1574,1574,0,1574,0,2,0,3,7,1,2006.0,3,824,144,104,0,232000
69.0,11500,5,1976,1976,164.0,0,1680,1680,1680,0,1680,0,2,0,4,8,0,1976.0,2,528,0,0,0,136905
43.0,3182,7,2005,2006,16.0,16,1330,1346,1504,0,1504,0,2,0,1,7,1,2005.0,2,457,156,0,0,181000
65.0,8385,5,1977,1977,220.0,595,390,985,985,0,985,0,2,0,3,6,0,1977.0,1,328,210,0,0,149900
69.0,12155,6,1970,1970,0.0,1237,420,1657,1657,0,1657,0,2,0,3,7,1,1970.0,2,484,0,0,147,163500
21.0,2217,4,1970,1970,0.0,273,0,546,546,546,1092,0,1,1,3,6,0,1970.0,1,286,238,0,0,88000
43.0,12118,7,2004,2005,108.0,0,1710,1710,1710,0,1710,0,2,0,3,7,1,2004.0,2,550,100,48,180,240000
60.0,6000,5,1926,1950,0.0,0,1008,1008,1008,0,1522,0,2,0,4,7,0,1980.0,0,0,0,0,0,102000
115.0,21286,5,1948,1950,0.0,0,720,720,720,551,1271,0,2,0,4,7,1,1948.0,1,312,0,0,0,135000
75.0,9825,5,1965,1965,0.0,0,0,0,1664,0,1664,0,2,0,4,8,0,1980.0,0,0,0,0,0,100000
55.0,10592,6,1923,1996,0.0,0,602,602,900,602,1502,0,1,1,3,7,2,1923.0,1,180,96,0,53,165000
60.0,7200,5,1910,2006,0.0,247,310,1022,1022,0,1022,1,1,0,2,4,0,1956.0,1,280,0,30,0,85000
60.0,11664,6,1948,1950,206.0,336,746,1082,1082,0,1082,0,1,0,2,5,1,1948.0,1,240,0,130,0,119200
70.0,8400,8,2001,2001,0.0,643,167,810,810,855,1665,1,2,1,3,6,0,2001.0,2,528,0,45,0,227000
73.0,11883,7,1996,1996,196.0,690,814,1504,1504,0,1504,1,2,0,3,6,1,1996.0,2,478,115,66,0,203000
69.0,5814,8,1984,1984,0.0,1036,184,1220,1360,0,1360,1,1,0,1,4,1,1984.0,2,565,63,0,0,187500
69.0,10784,7,1991,1992,76.0,0,384,384,802,670,1472,0,2,1,3,7,1,1991.0,2,402,164,0,0,160000
43.0,3013,7,2005,2005,145.0,16,1346,1362,1506,0,1506,0,2,0,2,6,1,2005.0,2,440,142,20,0,213490
60.0,7024,4,2005,2005,0.0,1024,108,1132,1132,0,1132,1,1,1,2,5,0,2005.0,2,451,252,64,0,176000
64.0,7406,7,2006,2006,84.0,684,515,1199,1220,0,1220,1,2,0,2,6,0,2006.0,2,632,105,54,0,194000
52.0,9439,5,1930,1950,0.0,324,588,912,912,336,1248,0,1,0,2,6,0,1957.0,1,160,0,0,0,87000
43.0,3182,7,2005,2006,14.0,16,1330,1346,1504,0,1504,0,2,0,2,7,1,2005.0,2,437,156,20,0,191000
69.0,15498,8,1976,1976,0.0,1165,0,1565,2898,0,2898,1,2,0,2,10,1,1976.0,2,665,0,72,0,287000
70.0,7700,5,1972,1972,0.0,138,276,882,882,0,882,1,1,0,3,5,0,1980.0,2,461,96,0,0,112500
73.0,9300,5,1960,1960,324.0,697,571,1268,1264,0,1264,1,1,0,3,6,2,1960.0,2,461,0,0,143,167500
71.0,9520,8,2007,2008,338.0,1513,125,1638,1646,0,1646,1,2,0,3,7,1,2008.0,3,800,192,44,0,293077
79.0,9492,5,1941,1950,0.0,368,359,768,968,408,1376,1,1,0,3,6,1,1941.0,1,240,0,0,0,105000
21.0,1680,6,1972,1972,281.0,317,355,672,672,546,1218,0,1,1,3,7,0,1972.0,1,264,0,28,0,118000
69.0,7082,5,1916,1995,0.0,0,686,686,948,980,1928,0,2,0,5,10,0,1980.0,0,0,0,0,0,160000
102.0,15863,7,1920,1970,0.0,523,301,824,1687,998,3082,1,2,1,5,12,2,1970.0,2,672,136,63,0,197000
69.0,14541,8,1993,1993,0.0,1012,326,1338,1352,1168,2520,1,2,1,5,10,1,1993.0,3,796,209,55,0,310000
69.0,8125,7,2002,2002,295.0,986,668,1654,1654,0,1654,1,2,0,3,6,0,2002.0,3,900,0,136,0,230000
50.0,6305,5,1938,1950,0.0,0,920,920,954,0,954,0,1,0,2,5,1,1938.0,1,240,0,0,0,119750
69.0,11500,4,1957,1957,0.0,0,0,0,845,0,845,0,1,0,3,5,0,1957.0,1,290,186,0,0,84000
89.0,12898,9,2007,2008,70.0,1022,598,1620,1620,0,1620,1,2,0,2,6,1,2008.0,3,912,228,0,0,315500
69.0,9240,8,2001,2002,396.0,0,1055,1055,1055,1208,2263,0,2,1,3,7,1,2001.0,2,905,0,45,189,287000
21.0,1533,4,1970,2008,0.0,0,546,546,798,546,1344,0,1,1,3,6,1,1980.0,0,0,0,0,0,97000
21.0,1477,4,1970,1970,0.0,509,121,630,630,0,630,1,1,0,1,3,0,1970.0,1,286,0,0,0,80000
88.0,13125,5,1957,2000,67.0,168,284,1134,1803,0,1803,1,2,0,3,8,1,1957.0,2,484,0,0,0,155000
69.0,9130,6,1966,2000,252.0,400,336,800,800,832,1632,0,1,1,4,7,0,1966.0,2,484,0,40,0,173000
34.0,5381,6,2005,2005,135.0,900,406,1306,1306,0,1306,1,2,0,1,5,1,2005.0,2,624,170,63,0,196000
86.0,11839,7,1990,1990,99.0,1085,390,1475,1532,797,2329,1,2,1,4,10,1,1990.0,2,514,192,121,0,262280
80.0,9600,8,1981,1981,0.0,1104,1420,2524,2524,0,2524,1,2,1,4,9,1,1981.0,2,542,474,120,0,278000
69.0,13680,3,1955,1955,0.0,0,0,0,1733,0,1733,0,2,0,4,8,1,1955.0,2,452,0,0,0,139600
85.0,16056,9,2005,2006,208.0,240,1752,1992,1992,876,2868,0,3,1,4,11,1,2005.0,3,716,214,108,0,556581
57.0,9245,5,1994,1995,0.0,686,304,990,990,0,990,0,1,0,3,5,0,1996.0,2,672,0,0,0,145000
100.0,21750,5,1960,2006,75.0,0,0,0,1771,0,1771,0,1,0,3,9,1,1960.0,2,336,0,0,0,115000
60.0,11100,4,1946,2006,0.0,0,0,0,930,0,930,0,1,0,2,6,0,1946.0,1,308,0,0,0,84900
73.0,8993,7,2007,2007,0.0,0,1302,1302,1302,0,1302,0,2,0,3,6,0,2007.0,2,436,0,22,0,176485
103.0,11175,7,2007,2007,0.0,0,1316,1316,1316,0,1316,0,2,0,3,6,1,2007.0,2,440,0,20,0,200141
100.0,9500,6,1964,1978,272.0,442,374,816,1127,850,1977,0,1,1,4,9,1,1964.0,2,540,0,52,0,165000
68.0,8562,5,1957,2002,145.0,383,833,1216,1526,0,1526,0,1,0,4,7,1,1957.0,1,364,116,78,0,144500
90.0,11367,8,2002,2002,210.0,932,133,1065,1091,898,1989,1,2,1,3,7,1,2002.0,2,586,199,60,0,255000
104.0,11361,6,1976,1976,160.0,644,549,1193,1523,0,1523,0,2,0,3,7,1,1976.0,2,478,0,0,189,180000
43.0,7052,7,2005,2005,240.0,659,705,1364,1364,0,1364,1,2,0,2,6,1,2005.0,2,484,192,36,0,185850
69.0,29959,7,1994,1994,0.0,595,378,973,979,871,1850,0,2,1,3,7,1,1994.0,2,467,168,98,0,248000
96.0,11308,9,2008,2008,154.0,936,168,1104,1130,1054,2184,1,2,1,3,10,1,2008.0,3,836,0,102,0,335000
69.0,11275,6,1932,1950,480.0,297,0,854,1096,895,1991,0,1,1,3,7,1,1977.0,2,432,0,0,0,220000
41.0,4920,8,2001,2001,0.0,616,722,1338,1338,0,1338,1,2,0,2,6,0,2001.0,2,582,0,0,0,213500
120.0,18000,3,1935,1950,0.0,0,894,894,894,0,894,0,1,0,2,6,0,1994.0,3,1248,0,20,0,81000
85.0,13600,5,1900,1950,0.0,0,662,662,1422,915,2337,0,2,0,5,10,0,1945.0,2,560,0,57,0,90000
50.0,6000,6,1925,1980,0.0,397,706,1103,1103,0,1103,0,1,0,2,5,1,1976.0,2,440,166,120,0,110500
69.0,11000,5,1966,1966,200.0,740,184,1154,1154,0,1154,0,1,1,3,6,1,1966.0,2,480,0,58,0,154000
80.0,14000,7,1996,1997,0.0,1201,105,1306,1306,954,2260,1,2,1,3,7,0,1996.0,2,533,296,44,0,328000
59.0,7837,6,1993,1994,0.0,0,799,799,799,772,1571,0,2,1,3,7,1,1993.0,2,380,0,40,0,178000
80.0,9760,6,1964,1964,360.0,674,0,780,798,813,1611,1,1,1,4,7,0,1964.0,2,442,328,128,189,167900
42.0,3964,6,1973,1973,0.0,837,105,942,1291,1230,2521,1,2,1,5,10,1,1973.0,2,576,728,20,0,151400
60.0,9600,5,1949,2003,0.0,220,625,845,893,0,893,0,1,0,2,4,0,1985.0,2,576,0,0,0,135000
72.0,10152,5,1956,1956,120.0,586,462,1048,1048,0,1048,1,1,0,3,6,0,1956.0,1,286,0,20,192,135000
78.0,11700,6,1968,1968,0.0,298,429,727,829,727,1556,0,1,1,4,8,0,1968.0,2,441,0,0,0,154000
50.0,7585,5,1948,1950,0.0,0,810,810,1002,454,1456,1,1,0,4,7,1,1954.0,1,280,0,0,0,91500
75.0,7950,6,1977,1977,140.0,535,155,690,698,728,1426,0,1,1,3,6,0,1977.0,2,440,252,0,0,159500
74.0,8556,7,2006,2006,0.0,0,1240,1240,1240,0,1240,0,2,0,2,5,0,2006.0,3,826,140,93,0,194000
75.0,13125,7,1940,1984,0.0,410,390,800,960,780,1740,0,1,1,3,6,2,1940.0,1,240,0,0,0,219500
60.0,10800,5,1936,1989,0.0,626,170,796,1096,370,1466,0,2,0,3,7,1,1950.0,2,566,436,21,0,170000
69.0,15870,5,1969,1969,0.0,75,230,1096,1096,0,1096,1,1,0,3,6,0,1969.0,1,299,240,32,0,138800
37.0,4435,6,2004,2004,169.0,662,186,848,848,0,848,1,1,0,1,3,1,2004.0,2,420,140,0,0,155900
65.0,8775,5,1994,1994,0.0,495,495,990,990,0,990,0,1,0,3,5,0,1996.0,1,299,0,64,0,126000
80.0,11040,6,1971,2004,144.0,656,602,1258,1258,0,1258,0,2,0,3,5,0,1971.0,2,528,55,0,0,145000
75.0,7500,5,1963,1963,0.0,824,216,1040,1040,0,1040,1,1,1,3,5,0,1963.0,1,308,0,0,0,133000
70.0,8749,7,2002,2002,100.0,0,1459,1459,1459,0,1459,0,2,0,3,6,1,2002.0,2,527,192,39,0,192000
80.0,8800,6,1964,1964,425.0,553,698,1251,1251,0,1251,1,1,0,3,6,2,1964.0,1,461,0,116,0,160000
69.0,13031,6,1995,1996,0.0,592,99,691,691,807,1498,0,2,1,3,6,1,1995.0,2,409,315,44,0,187500
73.0,9069,6,1992,1992,0.0,747,189,936,996,0,996,1,1,0,2,5,0,1992.0,2,564,120,0,0,147000
69.0,1974,4,1973,1973,0.0,334,212,546,546,546,1092,0,1,1,3,6,0,1973.0,1,286,120,96,0,83500
85.0,10574,8,2005,2006,0.0,0,1082,1082,1082,871,1953,0,2,1,3,9,1,2005.0,3,1043,160,50,0,252000
24.0,2522,7,2004,2004,50.0,0,970,970,970,739,1709,0,2,0,3,7,0,2004.0,2,380,0,40,0,137500
37.0,3316,8,2005,2005,0.0,1039,208,1247,1247,0,1247,1,1,1,1,4,1,2005.0,2,550,0,84,0,197000
60.0,8544,3,1950,1950,0.0,0,0,0,1040,0,1040,0,2,0,2,6,0,1987.0,2,400,0,0,0,92900
24.0,2160,7,1999,2000,212.0,510,90,600,624,628,1252,1,2,1,2,4,0,1999.0,2,462,0,48,0,160000
60.0,8400,6,1925,1950,0.0,423,758,1181,1390,304,1694,0,2,0,4,7,1,1925.0,2,576,342,0,0,136500
71.0,9230,5,1965,1998,166.0,661,203,864,1200,0,1200,1,1,1,1,6,0,1977.0,2,884,0,64,0,146000
74.0,5868,5,1956,2000,0.0,248,448,936,936,0,936,1,1,0,2,4,0,1956.0,1,308,0,0,160,129000
78.0,9317,6,2006,2006,0.0,24,1290,1314,1314,0,1314,0,2,0,3,6,1,2006.0,2,440,0,22,0,176432
60.0,6882,6,1914,2006,0.0,0,684,684,773,582,1355,0,1,1,3,7,0,1980.0,0,0,136,0,0,127000
69.0,3696,8,1986,1986,0.0,0,1074,1074,1088,0,1088,0,1,1,2,5,0,1987.0,2,461,0,74,0,170000
50.0,6000,4,1936,1950,0.0,672,0,672,757,567,1324,0,1,0,3,6,0,1936.0,1,240,0,0,0,128000
82.0,11880,7,1978,1978,206.0,704,567,1271,1601,0,1601,0,2,0,3,7,1,1978.0,2,478,0,0,0,157000
60.0,8400,2,1920,1950,0.0,290,0,290,438,0,438,0,1,0,1,3,0,1930.0,1,246,0,0,0,60000
61.0,9758,5,1971,1971,0.0,412,251,950,950,0,950,0,1,0,3,5,0,1981.0,1,280,0,0,0,119500
70.0,7000,5,1960,2002,45.0,588,422,1010,1134,0,1134,0,1,0,2,6,0,1960.0,1,254,0,16,0,135000
79.0,8910,6,1959,1959,0.0,655,0,655,1194,0,1194,0,1,0,3,6,1,1954.0,2,539,0,0,0,159500
24.0,2016,5,1970,1970,304.0,0,630,630,630,672,1302,0,2,1,3,6,0,1970.0,2,440,0,0,0,106000
98.0,12256,8,1994,1995,362.0,1032,431,1463,1500,1122,2622,1,2,1,3,9,2,1994.0,2,712,186,32,0,325000
114.0,10357,7,1990,1991,0.0,738,172,910,1442,0,1442,1,2,0,3,6,1,1990.0,2,719,0,244,0,179900
168.0,23257,7,2006,2006,0.0,0,868,868,887,1134,2021,0,2,1,3,9,1,2006.0,2,422,0,100,0,274725
69.0,8063,6,2000,2000,0.0,0,924,924,948,742,1690,0,2,1,3,7,1,2000.0,2,463,100,48,0,181000
107.0,11362,8,2004,2005,42.0,1039,797,1836,1836,0,1836,1,2,0,3,7,1,2004.0,3,862,125,185,0,280000
69.0,8000,6,1995,1996,0.0,219,554,773,773,885,1658,1,2,1,3,8,1,1995.0,2,431,224,84,0,188000
80.0,10480,7,1976,1976,660.0,403,400,803,1098,866,1964,0,2,1,4,8,1,1976.0,2,483,0,69,0,205000
73.0,7100,5,1957,1957,0.0,708,108,816,816,0,816,1,1,0,2,5,0,1957.0,1,308,0,0,0,129900
66.0,8923,5,1953,2006,0.0,643,365,1008,1008,0,1008,1,1,0,2,6,0,1953.0,1,240,0,18,0,134500
90.0,5400,5,1954,2000,0.0,415,418,833,833,0,833,0,1,0,2,4,0,1955.0,1,326,0,0,0,117000
93.0,12085,8,2007,2007,328.0,1004,730,1734,1734,0,1734,1,2,0,3,7,1,2007.0,3,928,0,0,0,318000
69.0,7750,8,2002,2002,0.0,353,55,408,779,640,1419,1,2,1,3,7,1,2002.0,2,527,120,0,0,184100
57.0,9764,5,1967,2003,0.0,702,192,894,894,0,894,1,1,0,3,5,0,1967.0,2,450,0,0,0,130000
85.0,13825,5,1958,1987,0.0,0,533,533,1021,580,1601,0,1,0,3,6,0,1958.0,1,300,280,34,0,140000
70.0,7560,5,1959,1959,0.0,369,671,1040,1040,0,1040,0,1,0,3,6,0,1959.0,1,286,140,0,0,133700
59.0,8263,6,1920,1950,0.0,0,1012,1012,1012,0,1012,0,1,0,2,6,1,1920.0,1,308,0,22,0,118400
84.0,10084,7,2005,2006,196.0,24,1528,1552,1552,0,1552,0,2,0,3,7,0,2005.0,3,782,144,20,0,212900
69.0,8926,4,1956,1956,0.0,0,672,672,960,0,960,0,1,0,3,5,0,1956.0,1,288,64,0,160,112000
50.0,9405,5,1947,2008,0.0,0,698,698,698,0,698,0,1,0,2,4,0,1980.0,0,0,0,200,0,118000
69.0,9125,7,1992,1992,170.0,0,384,384,812,670,1482,0,2,1,3,7,1,1992.0,2,392,100,25,0,163900
60.0,10434,4,1955,1955,0.0,0,1005,1005,1005,0,1005,0,1,0,2,5,1,1977.0,2,672,0,0,0,115000
53.0,3684,7,2007,2007,130.0,0,1373,1373,1555,0,1555,0,2,0,2,7,1,2007.0,3,660,143,20,0,174000
182.0,14572,7,2004,2004,0.0,1300,230,1530,1530,0,1530,1,2,0,3,7,1,2004.0,3,630,144,36,0,259000
59.0,11796,7,2004,2005,0.0,0,847,847,847,1112,1959,0,2,1,4,8,1,2004.0,2,434,100,48,0,215000
60.0,7200,5,1980,1980,180.0,936,0,936,936,0,936,1,1,0,2,4,0,1980.0,2,672,49,0,0,140000
65.0,7804,4,1928,1950,0.0,622,500,1122,1328,653,1981,1,2,0,4,7,2,1981.0,2,576,431,44,0,135000
63.0,10712,5,1991,1992,0.0,212,762,974,974,0,974,0,1,0,3,5,0,1980.0,0,0,0,28,0,93500
90.0,9900,6,1880,1950,0.0,0,1008,1008,1178,1032,2210,0,2,0,5,8,0,1930.0,1,205,0,48,0,117500
80.0,9828,8,1995,1995,0.0,584,544,1128,1142,878,2020,0,2,1,3,8,1,1995.0,2,466,0,155,0,239500
57.0,8773,6,1997,1997,0.0,0,916,916,916,684,1600,0,2,1,3,7,1,1997.0,2,460,100,38,0,169000
60.0,6180,6,1926,1950,0.0,0,960,960,986,0,986,0,1,0,2,5,1,1926.0,1,180,0,128,0,102000
80.0,9600,6,1950,1950,0.0,280,752,1032,1032,220,1252,0,1,0,3,6,0,1950.0,1,288,0,0,0,119000
54.0,6342,5,1875,1996,0.0,0,780,780,780,240,1020,0,1,0,2,6,0,1980.0,0,0,0,0,0,94000
69.0,9819,6,1977,1977,0.0,1567,0,1567,1567,0,1567,1,2,0,2,5,2,1977.0,2,714,264,32,0,196000
98.0,8731,5,1920,1950,0.0,645,270,915,1167,0,1167,0,1,0,3,6,1,1972.0,2,495,0,0,126,144000
60.0,7350,5,1951,1951,0.0,852,100,952,952,0,952,1,1,0,2,4,0,1988.0,2,840,0,0,0,139000
69.0,10304,5,1976,1976,44.0,381,399,780,1088,780,1868,1,2,1,4,9,1,1976.0,2,484,448,96,0,197500
77.0,9965,8,2006,2007,340.0,1150,316,1466,1466,1362,2828,1,3,0,4,11,1,2006.0,3,1052,125,144,0,424870
69.0,9000,5,1959,1959,0.0,288,718,1006,1006,0,1006,0,1,0,3,5,0,1980.0,0,0,0,24,0,80000
60.0,12180,4,1941,1950,0.0,348,324,672,672,252,924,1,1,0,2,5,0,1941.0,1,280,0,0,0,80000
52.0,6240,5,1928,1950,0.0,0,1042,1042,1042,534,1576,0,1,0,3,8,1,1928.0,1,225,0,0,0,149000
69.0,11200,6,1985,1985,85.0,1258,40,1298,1298,0,1298,1,2,0,3,5,1,1985.0,2,403,165,26,0,180000
75.0,12000,7,1941,1950,0.0,275,429,704,860,704,1564,0,1,1,3,7,1,1941.0,1,234,0,0,0,174500
69.0,5700,7,1926,1950,0.0,0,572,572,572,539,1111,0,1,0,2,5,1,1982.0,1,288,0,0,0,116900
50.0,9000,7,1920,1988,0.0,624,26,650,832,650,1482,0,1,0,3,7,0,1930.0,2,324,0,0,0,143000
57.0,8280,6,1950,1950,0.0,0,932,932,932,0,932,0,1,0,2,4,1,1950.0,1,306,0,0,0,124000
134.0,17755,5,1959,1959,132.0,176,1290,1466,1466,0,1466,0,1,1,3,6,2,1959.0,2,528,0,140,100,149900
90.0,14115,6,1956,2004,0.0,296,230,1073,1811,0,1811,0,1,0,2,6,1,1956.0,2,470,0,0,0,230000
69.0,5890,6,1930,2007,0.0,538,278,816,816,0,816,0,1,0,2,5,0,2002.0,1,432,0,0,0,120500
69.0,13700,7,1965,1988,288.0,454,410,864,902,918,1820,0,1,2,4,8,2,1965.0,2,492,60,84,273,201800
90.0,10768,5,1976,2004,0.0,1157,280,1437,1437,0,1437,1,2,0,3,6,1,1976.0,2,528,0,21,180,218000
85.0,9350,5,1965,1999,0.0,633,586,1219,1265,0,1265,0,2,0,3,6,1,1965.0,2,502,0,92,0,179900
34.0,5001,7,2007,2008,166.0,904,410,1314,1314,0,1314,1,2,0,2,6,1,2008.0,2,626,172,62,0,230000
92.0,11932,8,2007,2008,186.0,0,1580,1580,1580,0,1580,0,2,0,3,7,0,2008.0,3,830,0,24,0,235128
76.0,9120,6,1974,1974,270.0,442,459,901,943,933,1876,0,2,1,4,8,1,1974.0,2,540,0,69,0,185000
24.0,2280,6,1978,1978,0.0,311,544,855,855,601,1456,0,2,1,3,7,1,1978.0,2,440,26,0,0,146000
69.0,14778,6,1954,2006,72.0,728,568,1296,1640,0,1640,1,1,0,3,7,1,1993.0,2,924,108,0,0,224000
109.0,8724,5,1968,1968,0.0,492,402,894,894,0,894,0,1,0,3,5,1,1968.0,2,450,0,0,0,129000
60.0,12900,4,1969,1969,0.0,1198,0,1198,1258,0,1258,2,0,2,0,6,0,1969.0,2,400,120,0,0,108959
69.0,16157,5,1978,1978,0.0,680,289,1360,1432,0,1432,1,1,1,2,5,1,1978.0,2,588,168,180,0,194000
79.0,9541,7,2009,2009,268.0,0,1502,1502,1502,0,1502,0,2,0,3,7,0,2009.0,2,644,0,114,0,233170
64.0,10475,8,2008,2008,72.0,0,1694,1694,1694,0,1694,0,2,0,3,7,0,2008.0,3,776,160,33,0,245350
58.0,10852,6,2000,2000,0.0,786,173,959,959,712,1671,1,2,1,3,7,1,2000.0,2,472,0,38,0,173000
120.0,13728,6,1935,1986,0.0,626,501,1127,1236,872,2108,0,2,0,4,7,2,1935.0,2,540,0,0,90,235000
118.0,35760,10,1995,1996,1378.0,1387,543,1930,1831,1796,3627,1,3,1,4,10,1,1995.0,3,807,361,76,0,625000
76.0,9880,6,1977,1977,0.0,522,574,1096,1118,0,1118,1,1,0,3,6,1,1977.0,1,358,203,0,0,171000
76.0,9120,6,1958,1958,0.0,662,599,1261,1261,0,1261,1,1,0,3,6,1,1958.0,2,433,0,0,288,163000
35.0,4017,7,2006,2007,0.0,0,625,625,625,625,1250,0,2,1,2,5,0,2006.0,2,625,0,54,0,171900
138.0,18030,5,1946,1994,0.0,152,977,1598,1636,971,3086,0,3,0,3,12,1,1980.0,0,0,122,0,0,200500
80.0,16560,6,1932,1950,0.0,503,449,952,1170,1175,2345,0,2,1,4,9,1,1932.0,2,360,0,0,0,239000
85.0,10678,8,1992,2000,337.0,700,983,1683,2129,743,2872,0,2,1,4,9,1,1992.0,2,541,0,33,0,285000
37.0,6951,5,1984,1985,0.0,658,218,876,923,0,923,1,1,0,3,5,0,1984.0,1,264,362,0,0,119500
69.0,3950,6,1926,2004,0.0,468,350,818,818,406,1224,0,1,0,3,5,0,1926.0,1,210,0,0,0,115000
54.0,7681,5,1921,1950,0.0,0,731,731,820,523,1343,0,1,1,3,7,1,1921.0,1,186,192,0,0,154900
77.0,8335,5,1954,1954,0.0,0,0,0,1124,0,1124,0,1,0,3,5,1,1980.0,0,0,0,36,0,93000
69.0,11170,7,1990,1991,0.0,1216,0,1216,1298,1216,2514,0,2,1,4,8,0,1990.0,2,693,0,0,0,250000
64.0,5587,8,2008,2008,186.0,1480,120,1600,1652,0,1652,1,2,0,2,5,1,2008.0,2,482,162,53,0,392500
160.0,15623,10,1996,1996,0.0,2096,300,2396,2411,2065,4476,1,3,1,4,10,2,1996.0,3,813,171,78,0,745000
60.0,10800,5,1920,1950,0.0,821,299,1120,1130,0,1130,1,1,0,2,5,1,1970.0,2,720,229,0,0,120000
50.0,35133,5,1963,1963,226.0,1159,413,1572,1572,0,1572,1,1,1,3,5,2,1963.0,3,995,0,263,263,186700
60.0,9738,5,1924,1950,0.0,392,392,784,949,272,1221,1,1,0,4,7,0,1965.0,1,392,0,0,0,104900
107.0,10615,3,1900,1970,0.0,440,538,978,1014,685,1699,1,2,0,3,7,0,1920.0,2,420,0,74,0,95000
89.0,12461,8,1994,1995,0.0,1456,168,1624,1624,0,1624,1,2,0,2,5,1,1994.0,3,757,0,114,0,262000
68.0,8935,7,2002,2002,95.0,0,831,831,831,829,1660,0,2,1,3,7,0,2002.0,2,493,144,68,0,195000
60.0,7500,7,1999,1999,0.0,0,994,994,1028,776,1804,0,2,1,3,7,1,1999.0,2,442,140,60,0,189000
69.0,32463,4,1961,1975,149.0,1159,90,1249,1622,0,1622,1,1,0,3,7,1,1975.0,4,1356,439,0,0,168000
24.0,2645,8,1999,2000,456.0,0,776,776,764,677,1441,0,2,1,2,5,0,1999.0,2,492,206,0,0,174000
60.0,9600,5,1925,1994,0.0,0,702,702,842,630,1472,0,1,0,3,6,0,1925.0,1,250,0,0,0,125000
69.0,4500,6,1999,1999,425.0,883,341,1224,1224,0,1224,1,2,0,2,5,0,1999.0,2,402,0,304,0,165000
80.0,9364,6,1969,1969,143.0,371,292,663,663,689,1352,0,1,1,4,7,0,1969.0,1,299,379,36,0,158000
51.0,8029,6,2005,2005,0.0,0,728,728,728,728,1456,0,2,1,3,8,0,2005.0,2,400,100,24,0,176000
58.0,14054,7,2006,2006,0.0,0,879,879,879,984,1863,0,2,1,4,9,1,2006.0,3,660,100,17,0,219210
65.0,8850,7,1916,1950,0.0,0,815,815,815,875,1690,0,1,0,3,7,1,1916.0,1,225,0,0,0,144000
70.0,9100,7,2001,2001,0.0,0,1212,1212,1212,0,1212,0,2,0,3,6,0,2001.0,2,573,356,0,0,178000
75.0,11235,4,1963,1979,51.0,547,504,1051,1382,0,1382,0,1,1,3,6,1,1974.0,2,459,0,82,0,148000
71.0,9353,4,1970,1970,0.0,0,864,864,864,0,864,0,1,0,3,5,0,1972.0,1,280,0,0,0,116050
80.0,10400,7,1998,1998,0.0,0,866,866,866,913,1779,0,2,1,3,6,0,1998.0,2,546,198,36,0,197900
50.0,6000,5,1925,1997,0.0,0,884,884,884,464,1348,1,1,0,3,5,1,1960.0,1,216,0,0,0,117000
75.0,9750,7,2000,2001,171.0,0,1630,1630,1630,0,1630,0,2,0,3,6,1,2000.0,2,451,74,234,0,213000
78.0,10140,5,1975,1975,0.0,788,268,1056,1074,0,1074,1,1,1,3,6,0,1975.0,2,495,0,88,0,153500
90.0,14684,7,1990,1991,234.0,485,1496,2158,2196,0,2196,0,2,0,3,7,1,1990.0,3,701,84,70,0,271900
69.0,8900,4,1966,1966,0.0,1056,0,1056,1056,0,1056,1,1,0,2,5,0,1966.0,1,384,0,42,0,107000
70.0,9135,6,2003,2003,120.0,340,1342,1682,1700,0,1700,1,2,0,3,7,0,2003.0,2,544,192,23,0,200000
70.0,7763,5,1962,1980,0.0,504,319,931,1283,0,1283,1,1,0,3,6,0,1980.0,2,506,0,0,0,140000
85.0,10182,8,2006,2006,420.0,1220,440,1660,1660,0,1660,1,2,0,3,8,1,2006.0,2,500,322,50,0,290000
70.0,11218,6,1992,1992,0.0,0,1055,1055,1055,790,1845,0,2,1,3,8,1,1992.0,2,462,635,104,0,189000
152.0,12134,8,1988,2005,0.0,427,132,559,1080,672,1752,0,2,0,4,8,0,1988.0,2,492,325,12,0,164000
50.0,9340,4,1941,1950,0.0,344,328,672,672,0,672,1,1,0,2,4,0,1941.0,1,234,0,113,0,113000
69.0,10246,4,1965,2001,0.0,648,0,648,960,0,960,1,0,0,0,3,0,1965.0,1,364,88,0,0,145000
69.0,10205,5,1962,1962,0.0,784,141,925,999,0,999,1,1,0,3,6,0,1962.0,1,300,150,72,0,134500
99.0,7094,5,1966,1966,0.0,180,340,894,894,0,894,0,1,0,3,5,0,1966.0,1,384,0,0,0,125000
68.0,8930,6,1978,1978,0.0,0,0,0,1318,584,1902,0,2,0,4,8,0,1978.0,2,539,0,0,0,112000
72.0,8640,8,2009,2009,72.0,936,364,1300,1314,0,1314,1,2,0,3,6,0,2009.0,2,552,135,112,0,229456
52.0,6240,4,1947,1950,0.0,0,0,0,672,240,912,0,1,0,2,3,0,1980.0,0,0,0,0,0,80500
21.0,1680,6,1971,1971,236.0,0,672,672,672,546,1218,0,1,1,3,7,0,1980.0,0,0,201,0,0,91500
66.0,7800,5,1964,1964,0.0,312,0,912,912,0,912,0,1,0,2,5,0,1964.0,1,288,0,0,0,115000
55.0,8250,5,1968,1968,0.0,250,210,952,1211,0,1211,0,1,0,3,5,1,1968.0,1,322,0,63,0,134000
78.0,10496,6,1949,1950,320.0,196,844,1040,1168,678,1846,0,2,0,3,7,1,1949.0,1,315,0,0,0,143000
89.0,10680,5,1951,1951,44.0,756,1380,2136,2136,0,2136,0,2,0,4,7,0,1951.0,2,528,0,30,0,137900
60.0,15384,7,2004,2005,0.0,724,64,788,788,702,1490,1,2,1,3,8,1,2004.0,2,388,100,75,0,184000
65.0,10482,6,1958,1958,63.0,507,81,588,1138,0,1138,0,1,0,3,6,0,1958.0,1,264,224,0,0,145000
86.0,14598,6,2007,2007,74.0,0,894,894,894,1039,1933,0,2,1,4,9,1,2007.0,3,668,100,18,0,214000
72.0,8872,5,1965,2008,300.0,595,317,912,912,0,912,1,1,0,2,5,0,1992.0,2,576,0,240,0,147000
65.0,8769,9,2008,2008,766.0,1540,162,1702,1702,0,1702,1,1,1,1,7,1,2008.0,3,1052,0,72,224,367294
70.0,7910,5,1960,1960,0.0,666,409,1075,1507,0,1507,0,2,0,4,7,0,1960.0,1,404,0,0,0,127000
69.0,18890,5,1977,1977,1.0,498,652,1361,1361,1259,2620,0,2,2,4,12,1,1977.0,2,600,155,24,0,190000
70.0,7728,5,1962,1962,120.0,803,303,1106,1190,0,1190,1,1,0,3,6,0,1962.0,2,540,0,18,0,132500
70.0,9842,4,1962,1962,0.0,0,0,0,1224,0,1224,0,2,0,2,6,0,1962.0,2,462,0,0,0,101800
69.0,12160,5,1959,1959,180.0,1000,188,1188,1188,0,1188,1,1,0,3,6,0,1959.0,2,531,0,0,0,142000
55.0,8525,5,1911,1950,0.0,0,940,940,1024,940,1964,0,1,1,4,7,0,1980.0,0,0,0,192,0,130000
96.0,13132,5,1914,1950,0.0,0,747,747,892,892,1784,0,1,1,4,9,0,1914.0,1,180,203,40,0,138887
36.0,2628,7,2003,2003,106.0,0,764,764,764,862,1626,0,2,1,2,6,0,2003.0,2,474,0,27,0,175500
41.0,12393,7,2004,2005,0.0,0,847,847,847,1101,1948,0,2,1,4,8,1,2004.0,2,434,100,48,0,195000
63.0,13072,6,2005,2005,0.0,0,1141,1141,1141,0,1141,0,1,1,3,6,0,2005.0,2,484,0,0,0,142500
64.0,9037,8,2006,2006,32.0,428,1048,1476,1484,0,1484,0,2,0,2,6,1,2006.0,2,472,120,33,0,265900
65.0,8158,7,2003,2003,252.0,550,334,884,884,884,1768,1,2,1,3,8,0,2003.0,2,543,0,63,0,224900
83.0,9849,7,2007,2007,0.0,0,1689,1689,1689,0,1689,0,2,0,3,7,0,2007.0,3,954,0,56,0,248328
85.0,10625,7,1974,1974,81.0,885,0,1053,1173,0,1173,1,2,0,3,6,2,1974.0,2,528,0,120,0,170000
107.0,13891,10,2006,2006,0.0,1386,690,2076,2076,0,2076,1,2,1,2,7,1,2006.0,3,850,216,229,0,465000
69.0,11435,8,1929,1950,0.0,0,792,792,792,725,1517,0,1,0,3,7,2,1931.0,2,400,0,0,0,230000
78.0,12090,6,1984,2003,74.0,0,585,585,1140,728,1868,0,3,1,3,7,1,1984.0,2,477,268,112,147,178000
65.0,8125,7,2005,2006,0.0,0,756,756,756,797,1553,0,2,1,3,6,0,2005.0,2,615,0,45,0,186500
69.0,12328,6,1976,1976,335.0,539,473,1012,1034,0,1034,1,1,0,3,6,0,1976.0,3,888,0,0,0,169900
60.0,9600,6,1917,1950,0.0,319,416,735,1134,924,2058,0,1,1,3,8,1,1950.0,2,396,0,0,0,129500
60.0,7200,5,1950,1950,0.0,534,246,876,988,0,988,0,1,0,3,6,0,1950.0,1,276,0,80,0,119000
93.0,11160,7,1968,1968,0.0,1065,1045,2110,2110,0,2110,1,2,1,3,8,2,1968.0,2,522,0,0,0,244000
69.0,3136,7,2003,2003,163.0,0,1405,1405,1405,0,1405,0,2,0,2,6,1,2003.0,2,478,148,36,0,171750
62.0,9858,5,1968,1968,0.0,510,354,864,874,0,874,1,1,0,3,5,0,1968.0,1,288,33,0,0,130000
69.0,17542,7,1974,2003,0.0,125,36,1192,1516,651,2167,1,2,1,3,9,2,1974.0,2,518,220,47,0,294000
60.0,6931,7,2003,2004,92.0,0,746,746,760,896,1656,0,2,1,3,7,1,2003.0,2,397,178,128,0,165400
52.0,6240,6,1931,1950,0.0,425,459,884,959,408,1367,0,1,0,3,6,1,1978.0,1,560,0,0,120,127500
91.0,14303,8,1994,1994,554.0,1314,672,1986,1987,0,1987,1,2,0,2,7,1,1994.0,2,691,262,36,0,301500
56.0,4060,5,1922,1950,0.0,0,864,864,864,0,864,0,1,0,2,4,0,1980.0,0,0,0,96,0,99900
59.0,9587,7,2005,2005,182.0,655,201,856,1166,0,1166,1,2,0,2,5,0,2005.0,2,400,212,0,0,190000
65.0,9750,6,1969,1969,0.0,602,14,1054,1054,0,1054,1,1,1,3,6,0,1969.0,2,460,180,0,80,151000
69.0,24682,6,1999,1999,0.0,0,841,841,892,783,1675,0,2,1,3,7,1,1999.0,2,502,0,103,0,181000
80.0,9600,5,1956,1956,0.0,504,546,1050,1050,0,1050,0,1,0,2,5,0,1956.0,1,338,0,0,0,128900
69.0,11250,4,1957,1989,0.0,0,1104,1104,1104,684,1788,1,1,0,5,8,2,1957.0,1,304,120,0,0,161500
60.0,13515,6,1919,1950,0.0,0,764,764,1060,764,1824,0,1,0,3,8,1,1940.0,2,520,0,0,0,180500
34.0,4060,6,1998,1999,0.0,266,1139,1405,1337,0,1337,1,2,0,2,5,0,1998.0,2,511,144,68,0,181000
35.0,3735,7,1999,1999,218.0,450,241,691,713,739,1452,1,2,1,3,6,0,1999.0,2,506,0,34,0,183900
60.0,10120,7,1910,1950,0.0,0,925,925,964,925,1889,0,1,1,4,9,1,1960.0,1,308,0,0,0,122000
89.0,13214,9,2008,2009,0.0,0,2002,2002,2018,0,2018,0,2,0,3,10,1,2009.0,3,746,144,76,0,378500
69.0,14100,8,1935,1997,632.0,192,536,728,1968,1479,3447,0,3,1,4,11,2,1982.0,3,1014,314,12,0,381000
78.0,11344,5,1958,1958,180.0,460,414,874,874,650,1524,0,1,1,3,7,0,1958.0,1,315,0,0,0,144000
69.0,23595,7,1979,1979,0.0,1258,74,1332,1332,192,1524,2,0,1,0,4,1,1979.0,2,586,268,0,0,260000
69.0,9156,6,1968,1968,0.0,0,1489,1489,1489,0,1489,0,2,0,3,7,1,1968.0,2,462,0,0,0,185750
69.0,13526,5,1965,1965,114.0,560,0,935,935,0,935,1,1,0,3,5,0,1965.0,1,288,180,0,0,137000
124.0,11512,6,1959,2006,84.0,719,300,1019,1357,0,1357,1,1,0,2,5,1,1959.0,1,312,0,0,163,177000
53.0,5362,5,1910,2003,0.0,0,661,661,661,589,1250,0,2,0,3,8,1,1985.0,2,552,242,0,0,139000
95.0,11345,5,1948,1950,567.0,220,708,928,928,992,1920,0,2,0,4,10,0,1948.0,2,400,0,0,0,137000
69.0,12936,6,1972,1972,0.0,593,130,723,735,660,1395,0,1,1,3,6,1,1972.0,2,497,294,116,0,162000
69.0,17871,6,1967,1976,359.0,528,1152,1680,1724,0,1724,1,1,1,3,7,1,1967.0,2,480,0,0,0,197900
75.0,9473,8,2002,2002,0.0,804,324,1128,1128,903,2031,1,2,1,3,7,1,2002.0,2,577,0,211,0,237000
60.0,7500,4,1920,1950,0.0,0,698,698,698,430,1128,0,1,0,2,6,0,1980.0,2,528,30,0,0,68400
67.0,9808,7,2002,2002,110.0,788,785,1573,1573,0,1573,1,2,0,3,6,0,2002.0,2,544,0,72,0,227000
50.0,8049,7,1990,1990,54.0,1053,256,1309,1339,0,1339,1,2,0,2,6,1,1990.0,2,484,0,58,90,180000
61.0,8800,5,1977,2008,0.0,532,364,1040,1040,0,1040,0,2,0,3,5,0,1977.0,2,484,0,0,288,150500
94.0,9400,6,1971,1971,0.0,0,912,912,912,912,1824,0,2,2,4,8,0,1980.0,0,0,128,0,0,139000
50.0,9638,6,1919,1990,0.0,0,804,804,1699,748,2447,0,2,0,4,10,1,1969.0,1,336,272,0,116,169000
50.0,6000,6,1939,1950,0.0,0,780,780,825,587,1412,0,1,0,4,6,1,1939.0,1,280,45,0,0,132500
69.0,9790,6,1963,1963,451.0,569,678,1328,1328,0,1328,1,1,1,3,6,2,1963.0,2,528,0,26,0,143000
69.0,36500,5,1964,1964,621.0,812,812,1624,1582,0,1582,0,2,0,4,7,0,1964.0,2,390,168,198,0,190000
40.0,5664,8,2000,2000,0.0,1158,343,1501,1659,0,1659,1,2,0,2,5,1,2000.0,2,499,212,59,0,278000
86.0,11065,8,2006,2006,788.0,0,1085,1085,1120,850,1970,0,2,1,3,8,1,2006.0,3,753,177,74,0,281000
69.0,14112,5,1964,1964,86.0,1014,138,1152,1152,0,1152,1,1,0,3,6,1,1964.0,2,484,227,0,0,180500
21.0,1680,5,1972,1972,268.0,231,399,630,630,672,1302,0,2,1,3,6,0,1972.0,1,264,185,0,0,119500
60.0,6600,5,1892,1965,0.0,0,994,994,1378,994,2372,0,2,0,4,11,0,1985.0,1,432,0,287,0,107500
78.0,10140,7,1976,1976,0.0,194,638,832,832,832,1664,0,2,1,4,8,1,1976.0,2,528,0,28,259,162900
60.0,8172,5,1955,1990,0.0,167,697,864,864,0,864,1,1,0,2,5,0,1957.0,2,572,0,0,0,115000
70.0,8400,5,1968,1968,168.0,1016,36,1052,1052,0,1052,1,1,1,3,5,0,1968.0,1,288,356,0,0,138500
80.0,8700,5,1963,1963,148.0,776,344,1120,1128,0,1128,1,2,0,3,6,0,1963.0,2,525,192,20,0,155000
35.0,3675,6,2005,2006,82.0,547,0,547,1072,0,1072,1,2,0,2,5,0,2005.0,2,525,0,44,0,140000
313.0,63887,10,2008,2008,796.0,5644,466,6110,4692,950,5642,2,2,1,3,12,3,2008.0,2,1418,214,292,0,160000
75.0,7500,5,1959,1994,0.0,340,0,1246,1246,0,1246,1,1,1,3,6,0,1959.0,1,305,218,0,0,154000
69.0,10762,7,1999,1999,344.0,694,284,978,1005,978,1983,0,2,1,3,9,1,1999.0,2,490,0,0,0,225000
69.0,7500,6,1942,1950,0.0,547,224,771,753,741,1494,0,1,0,3,7,2,1942.0,1,213,0,0,224,177500
92.0,10120,8,1994,1994,391.0,740,425,1165,1203,1323,2526,1,2,1,4,8,1,1994.0,3,844,309,78,0,290000
73.0,8688,7,2005,2005,228.0,0,1616,1616,1616,0,1616,0,2,0,3,7,0,2005.0,3,834,208,59,0,232000
32.0,3363,7,2004,2004,117.0,0,976,976,976,732,1708,0,2,0,3,7,0,2004.0,2,380,0,40,0,130000
108.0,13173,9,2006,2007,300.0,1572,80,1652,1652,0,1652,1,2,0,2,6,2,2006.0,2,840,404,102,0,325000
48.0,6955,7,2005,2006,94.0,0,1368,1368,1368,0,1368,0,2,0,2,6,1,2005.0,2,474,132,35,0,202500
60.0,8072,5,1994,1995,0.0,746,244,990,990,0,990,1,1,0,3,5,0,2000.0,2,480,0,64,0,138000
100.0,12000,5,1948,2005,0.0,144,172,924,1122,0,1122,1,1,0,2,6,0,1948.0,2,528,0,36,0,147000
69.0,7153,6,1991,1991,88.0,1200,78,1278,1294,0,1294,1,2,0,3,6,0,1991.0,2,496,112,51,0,179200
100.0,17500,7,1959,2002,0.0,1406,496,1902,1902,0,1902,1,2,0,3,7,2,1959.0,2,567,0,207,0,335000
68.0,8814,7,2005,2007,80.0,925,349,1274,1274,0,1274,1,2,0,3,6,0,2005.0,2,508,264,98,0,203000
69.0,9572,8,1990,1990,336.0,482,971,1453,1453,1357,2810,0,2,1,4,9,1,1990.0,2,750,500,0,0,302000
108.0,14774,9,1999,1999,165.0,0,1393,1393,1422,1177,2599,0,2,1,4,10,1,1999.0,3,779,668,30,0,333168
60.0,8190,4,1954,1954,0.0,732,216,948,948,0,948,1,1,0,3,5,1,1956.0,1,280,0,36,0,119000
85.0,11075,6,1969,1969,0.0,500,176,952,1092,1020,2112,0,2,1,4,9,2,1969.0,2,576,280,0,0,206900
61.0,10226,8,2008,2008,270.0,0,1622,1622,1630,0,1630,1,2,0,3,8,1,2008.0,3,860,172,42,0,295493
47.0,4230,7,2006,2007,0.0,0,1352,1352,1352,0,1352,0,2,0,2,5,1,2006.0,2,466,0,241,0,208900
69.0,14781,8,2001,2002,178.0,0,1753,1753,1787,0,1787,0,2,0,3,7,1,2001.0,3,748,198,150,0,275000
75.0,10215,4,1954,1954,132.0,492,372,864,948,0,948,0,1,0,3,5,0,1954.0,1,248,0,0,0,111000
70.0,8400,6,1957,1957,0.0,189,628,1478,1478,0,1478,1,1,1,3,6,2,1957.0,2,442,114,0,216,156500
69.0,6627,3,1949,1950,0.0,0,0,0,720,0,720,0,1,0,2,4,0,1955.0,1,287,0,0,0,72500
107.0,10186,7,1992,1992,0.0,674,76,750,1061,862,1923,1,2,1,3,8,1,1992.0,2,564,240,39,0,190000
50.0,5330,4,1940,1950,0.0,280,140,420,708,0,708,0,1,0,2,5,0,1980.0,0,0,164,0,0,82500
75.0,9986,8,2006,2007,428.0,0,1795,1795,1795,0,1795,0,2,0,2,7,1,2007.0,3,895,0,49,0,147000
40.0,3636,4,1922,1950,0.0,0,796,796,796,0,796,0,1,0,2,5,0,1980.0,0,0,0,0,0,55000
70.0,4270,3,1931,2006,0.0,544,0,544,774,0,774,0,1,0,3,6,0,1980.0,0,0,0,0,0,79000
60.0,6600,5,1982,2008,0.0,641,175,816,816,0,816,0,1,0,3,5,1,1982.0,1,264,0,0,0,130500
60.0,10440,6,1920,1950,0.0,493,1017,1510,1584,1208,2792,0,2,0,5,8,2,1920.0,2,520,0,547,480,256000
63.0,9084,7,1998,1998,0.0,0,935,935,955,677,1632,0,2,1,3,8,1,1998.0,2,462,0,28,0,176500
85.0,10000,8,2006,2006,410.0,0,1588,1588,1588,0,1588,0,2,0,3,7,1,2006.0,3,825,144,45,0,227000
55.0,10780,5,1976,1976,0.0,483,428,911,954,0,954,0,1,0,3,6,0,1976.0,2,576,0,0,0,132500
67.0,8877,4,1938,1958,0.0,690,126,816,816,0,816,1,1,0,2,3,1,1958.0,1,288,0,0,0,100000
60.0,7200,5,1938,1995,0.0,0,803,803,803,557,1360,0,1,1,2,6,0,1951.0,1,297,0,65,0,125500
24.0,2368,5,1970,1970,312.0,765,0,765,765,600,1365,0,1,1,3,7,0,1970.0,2,440,0,36,0,125000
80.0,9650,6,1977,1977,360.0,686,664,1350,1334,0,1334,0,2,0,2,6,1,1977.0,2,630,0,16,0,167900
87.0,9246,5,1973,1973,564.0,0,1656,1656,1656,0,1656,0,2,0,4,8,0,1973.0,2,506,0,211,0,135000
153.0,4118,4,1941,1950,0.0,0,693,693,693,0,693,0,1,0,2,4,0,1980.0,0,0,0,20,0,52500
95.0,13450,7,2002,2002,0.0,700,216,916,920,941,1861,1,2,1,3,8,0,2002.0,2,492,146,91,0,200000
120.0,9560,5,1972,1972,0.0,360,504,864,864,0,864,0,1,0,3,5,0,1972.0,1,288,0,0,0,128500
70.0,8294,4,1971,1971,0.0,0,858,858,872,0,872,0,1,0,3,5,0,1974.0,4,480,0,0,0,123000
66.0,13695,6,2003,2004,0.0,814,300,1114,1114,0,1114,1,1,0,3,6,0,2004.0,2,576,0,78,0,155000
69.0,9375,8,2002,2002,149.0,0,1284,1284,1284,885,2169,0,2,1,3,7,1,2002.0,2,647,192,87,0,228500
57.0,7558,6,1928,1950,0.0,0,896,896,1172,741,1913,0,1,1,3,9,1,1929.0,2,342,0,0,0,177000
85.0,11103,7,2006,2006,0.0,0,728,728,728,728,1456,0,2,1,3,8,1,2006.0,2,440,0,0,0,155835
50.0,6000,4,1920,1950,0.0,250,710,960,960,0,960,0,1,0,2,5,0,1997.0,1,308,0,0,0,108500
69.0,20781,7,1968,2003,0.0,297,1203,1568,2156,0,2156,0,2,0,3,9,1,1968.0,2,508,0,80,0,262500
93.0,15306,8,2006,2007,100.0,80,1652,1732,1776,0,1776,1,2,0,3,7,1,2006.0,3,712,0,0,0,283463
69.0,16196,7,1998,1998,0.0,1443,39,1482,1494,0,1494,1,2,0,3,5,1,1998.0,2,514,402,25,0,215000
50.0,5250,8,1872,1987,0.0,259,425,684,938,1215,2358,0,2,0,4,8,0,1980.0,0,0,0,54,0,122000
91.0,11643,5,1969,1969,368.0,500,748,1248,1338,1296,2634,1,2,2,6,12,0,1969.0,4,968,0,0,0,200000
70.0,9247,6,1962,1962,318.0,319,539,858,858,858,1716,0,1,1,4,8,1,1962.0,2,490,0,84,120,171000
50.0,6000,6,1937,2000,0.0,0,698,698,786,390,1176,0,1,0,2,4,0,1999.0,2,624,210,0,0,134900
56.0,14720,8,1995,1996,579.0,816,1217,2033,2053,1185,3238,1,2,1,4,9,1,1996.0,3,666,283,86,0,410000
69.0,10316,7,2000,2000,0.0,735,257,992,992,873,1865,1,2,1,3,7,1,2000.0,3,839,0,184,0,235000
102.0,10192,7,1968,1992,143.0,0,570,570,1222,698,1920,0,3,0,4,8,1,1968.0,2,487,0,98,0,170000
69.0,9477,5,1966,1966,65.0,340,524,864,892,0,892,0,1,0,3,5,0,1966.0,1,264,0,0,0,110000
69.0,12537,5,1971,2008,0.0,734,344,1078,1078,0,1078,1,1,1,3,6,1,1971.0,2,500,0,0,0,149900
69.0,2117,6,2000,2000,216.0,378,378,756,769,804,1573,0,2,1,3,5,0,2000.0,2,440,0,32,0,177500
129.0,16737,9,2004,2005,66.0,1447,533,1980,1980,0,1980,1,2,0,3,8,1,2004.0,3,770,194,45,0,315000
51.0,9842,5,1921,1998,0.0,0,612,612,990,1611,2601,0,3,1,4,8,0,1998.0,2,621,183,0,0,189000
124.0,16158,7,2005,2005,16.0,1274,256,1530,1530,0,1530,1,2,0,3,7,1,2005.0,2,430,168,36,0,260000
69.0,12513,4,1920,2007,0.0,0,715,715,1281,457,1738,0,2,0,4,7,1,1920.0,1,368,55,0,0,104900
73.0,8499,6,2006,2007,0.0,0,616,616,616,796,1412,0,2,1,3,6,1,2007.0,2,432,0,36,0,156932
30.0,3180,7,2005,2005,0.0,0,600,600,520,600,1200,0,2,1,2,4,0,2005.0,2,480,0,166,0,144152
69.0,7500,7,2000,2000,0.0,533,281,814,814,860,1674,1,2,1,3,7,0,2000.0,2,663,0,96,0,216000
68.0,9179,7,1999,1999,158.0,633,240,873,882,908,1790,1,2,1,3,7,0,1999.0,2,588,0,88,0,193000
41.0,2665,5,1977,1977,0.0,548,36,757,925,550,1475,0,2,0,4,6,1,1977.0,1,336,104,26,0,127000
69.0,4435,6,2003,2004,170.0,685,163,848,848,0,848,1,1,0,1,4,0,2003.0,2,420,140,0,0,144000
48.0,10635,8,2003,2003,171.0,370,315,1657,1668,0,1668,1,2,0,3,8,1,2003.0,2,502,0,262,0,232000
90.0,5400,4,1920,1950,0.0,315,420,840,840,534,1374,0,1,0,2,6,0,1967.0,1,338,0,0,0,105000
80.0,9600,6,1955,1996,0.0,831,161,992,1661,0,1661,1,1,0,3,8,1,1955.0,1,377,0,28,178,165500
75.0,9750,7,1998,1998,0.0,975,133,1108,1108,989,2097,1,2,1,3,8,1,1998.0,2,583,253,170,0,274300
69.0,11400,10,2001,2002,705.0,1282,1351,2633,2633,0,2633,1,2,1,2,8,2,2001.0,3,804,314,140,0,466500
85.0,10625,7,2005,2005,0.0,0,1026,1026,1026,932,1958,0,2,1,3,9,1,2005.0,3,936,154,210,0,250000
89.0,10991,8,2007,2007,80.0,0,1571,1571,1571,0,1571,0,2,0,3,7,1,2007.0,3,722,100,36,0,239000
52.0,6292,6,1930,1950,0.0,384,384,768,790,0,790,0,1,0,2,4,0,1925.0,1,160,0,141,0,91000
60.0,10998,5,1941,1960,0.0,408,156,984,984,620,1604,0,2,0,3,6,0,1977.0,2,660,0,68,0,117000
21.0,1953,6,1973,1973,408.0,309,174,483,483,504,987,0,1,1,2,5,0,1973.0,1,264,72,0,0,83000
73.0,9735,5,2006,2007,0.0,0,384,384,754,640,1394,0,2,1,3,7,0,2007.0,2,400,100,0,0,167500
45.0,8212,3,1914,1950,0.0,203,661,864,864,0,864,1,1,0,2,5,0,1938.0,1,200,0,0,0,58500
69.0,12925,6,1970,1970,0.0,865,340,1205,2117,0,2117,0,2,1,4,7,2,1970.0,2,550,0,42,0,237500
60.0,7200,7,1920,1950,0.0,0,596,596,998,764,1762,1,1,1,4,8,0,1989.0,2,576,36,0,0,157000
69.0,25339,5,1918,2007,0.0,0,816,816,1416,0,1416,0,2,0,3,7,0,2007.0,2,576,0,0,0,112000
60.0,9060,6,1939,1950,0.0,204,356,560,698,560,1258,0,1,0,2,6,0,1939.0,1,280,0,0,0,105000
40.0,5436,4,1922,2007,0.0,735,61,796,796,358,1154,1,1,0,3,7,0,1922.0,1,240,0,96,0,125500
80.0,16692,7,1978,1978,184.0,790,133,1392,1392,1392,2784,1,3,1,5,12,2,1978.0,2,564,0,112,440,250000
60.0,8520,6,1916,1950,0.0,168,0,714,1664,862,2526,0,2,0,5,10,1,1916.0,1,216,88,15,0,136000
42.0,14892,9,2006,2007,160.0,1320,426,1746,1746,0,1746,1,2,0,3,7,2,2006.0,3,758,201,39,0,377500
60.0,6000,6,1941,1950,0.0,375,360,735,869,349,1218,0,1,0,3,6,1,2003.0,2,440,0,0,0,131000
70.0,9100,7,2000,2000,244.0,1400,125,1525,1525,0,1525,1,2,0,3,6,0,2000.0,2,541,219,36,0,235000
65.0,8944,5,1967,1967,0.0,0,1584,1584,1584,0,1584,0,2,0,4,8,0,1967.0,3,792,0,152,0,124000
68.0,7838,5,1967,1967,0.0,769,95,864,900,0,900,1,1,0,3,6,1,1967.0,1,288,175,144,0,123000
60.0,10800,6,1905,2000,0.0,0,482,482,1221,691,1912,0,2,0,3,7,1,2003.0,2,672,0,25,0,163000
53.0,4045,7,2006,2006,45.0,1070,286,1356,1500,0,1500,1,2,0,2,6,1,2006.0,3,648,161,20,0,246578
88.0,12665,8,2005,2006,245.0,0,1094,1094,1133,1349,2482,0,2,1,4,9,1,2005.0,3,642,144,39,0,281213
69.0,57200,5,1948,1950,0.0,353,60,747,1687,0,1687,1,1,0,3,7,2,1966.0,2,572,0,0,0,160000
51.0,6120,5,1920,2004,0.0,0,939,939,939,574,1513,0,1,1,4,8,0,1933.0,1,180,24,0,0,137500
60.0,7200,5,1950,1982,0.0,180,676,1208,1136,768,1904,1,1,1,3,7,0,1950.0,1,240,0,0,0,138000
51.0,6171,6,1925,1990,0.0,264,712,976,1160,448,1608,0,2,1,3,7,1,1925.0,1,216,147,16,0,137450
50.0,6000,6,1929,1950,0.0,0,862,862,950,208,1158,0,1,0,3,5,1,1929.0,1,208,0,0,0,120000
62.0,7415,6,2004,2004,0.0,759,80,839,864,729,1593,1,2,1,3,8,1,2004.0,2,398,100,75,0,193000
64.0,6762,7,2006,2006,0.0,0,1286,1286,1294,0,1294,0,2,0,2,6,1,2006.0,2,662,168,55,0,193879
49.0,15256,8,2007,2007,84.0,929,556,1485,1464,0,1464,1,2,0,3,6,0,2007.0,3,754,168,160,0,282922
60.0,10410,3,1915,1950,0.0,0,672,672,694,520,1214,0,1,0,3,6,0,1998.0,3,936,216,0,0,105000
44.0,3842,8,2004,2005,174.0,1373,221,1594,1646,0,1646,1,2,0,2,5,1,2004.0,2,482,128,53,155,275000
70.0,8445,5,1972,2007,0.0,656,112,768,768,0,768,1,1,0,2,5,0,1988.0,2,396,58,0,0,133000
69.0,8780,5,1985,1985,0.0,625,208,833,833,0,833,1,1,0,3,5,0,1980.0,0,0,0,0,0,112000
60.0,7740,4,1910,1950,0.0,0,622,622,741,622,1363,0,1,0,3,6,0,1966.0,2,528,0,0,168,125500
46.0,20544,7,1986,1991,123.0,0,791,791,1236,857,2093,0,2,1,3,7,1,1986.0,2,542,364,63,0,215000
79.0,12420,7,2001,2001,0.0,666,278,944,944,896,1840,1,2,1,3,6,0,2001.0,2,622,0,45,0,230000
80.0,9600,6,1950,2005,0.0,120,736,856,1112,556,1668,0,1,1,3,6,0,1950.0,1,271,0,0,0,140000
60.0,7200,4,1949,1950,0.0,0,0,0,1040,0,1040,0,2,0,2,6,0,1956.0,2,420,0,0,0,90000
88.0,10994,8,2005,2006,366.0,976,868,1844,1844,0,1844,1,2,0,2,7,1,2005.0,2,620,165,44,0,257000
64.0,13053,6,1923,2000,0.0,0,833,833,1053,795,1848,0,1,1,4,8,1,1922.0,2,370,0,0,220,207000
51.0,3635,7,2007,2007,130.0,988,398,1386,1569,0,1569,0,2,0,1,7,1,2007.0,3,660,143,20,0,175900
60.0,11340,4,1885,1950,0.0,0,777,777,1246,1044,2290,0,2,0,4,11,0,1971.0,2,560,0,0,0,122500
69.0,16545,8,1998,1998,731.0,781,503,1284,1310,1140,2450,1,2,1,3,7,1,1998.0,3,1069,0,126,0,340000
71.0,9204,5,1963,1963,0.0,25,247,1144,1144,0,1144,1,1,1,3,6,0,1962.0,1,336,0,88,0,124000
69.0,16381,6,1969,1969,312.0,1110,734,1844,1844,0,1844,1,2,0,3,7,1,1969.0,2,540,0,73,0,223000
90.0,11700,6,1968,1968,420.0,404,304,708,708,708,1416,0,2,1,3,7,1,1968.0,2,776,0,169,119,179900
53.0,4043,6,1977,1977,0.0,360,709,1069,1069,0,1069,0,2,0,2,4,1,1977.0,2,440,0,55,165,127500
37.0,4435,6,2003,2003,170.0,686,162,848,848,0,848,1,1,0,1,3,0,2003.0,2,420,140,0,0,136500
69.0,19690,6,1966,1966,0.0,0,697,697,1575,626,2201,0,2,0,4,8,1,1966.0,2,432,586,236,0,274970
69.0,9503,5,1958,1983,0.0,457,193,1024,1344,0,1344,1,1,0,2,6,1,1970.0,1,484,316,28,0,144000
80.0,10721,6,1959,1959,243.0,0,1252,1252,1252,0,1252,0,1,0,3,7,0,1960.0,2,528,0,39,0,142000
81.0,10944,7,1994,1994,448.0,1000,223,1223,1223,904,2127,1,2,1,3,5,2,1994.0,2,525,171,132,0,271000
60.0,10930,5,1945,1950,0.0,580,333,913,1048,510,1558,1,1,1,3,6,1,1962.0,1,288,0,0,0,140000
60.0,7200,5,1940,1992,294.0,510,278,788,804,0,804,1,1,0,2,4,2,1940.0,1,240,0,0,0,119000
69.0,12546,6,1981,1981,310.0,678,762,1440,1440,0,1440,0,2,0,3,7,1,1981.0,2,467,0,0,0,182900
60.0,21930,5,2005,2005,0.0,0,732,732,734,1104,1838,0,2,1,4,7,1,2005.0,2,372,100,40,0,192140
69.0,4928,6,1976,1976,0.0,958,0,958,958,0,958,0,2,0,2,5,0,1976.0,2,440,0,60,0,143750
60.0,10800,4,1927,2007,0.0,0,656,656,968,0,968,0,2,0,4,5,0,1928.0,1,216,0,0,0,64500
93.0,10261,6,2000,2000,318.0,0,936,936,962,830,1792,1,2,1,3,8,1,2000.0,2,451,0,0,0,186500
80.0,17400,5,1977,1977,0.0,936,190,1126,1126,0,1126,1,2,0,3,5,1,1977.0,2,484,295,41,0,160000
80.0,8400,6,1962,2005,237.0,0,1319,1319,1537,0,1537,1,1,1,3,7,1,1962.0,2,462,0,36,0,174000
60.0,9000,4,1971,1971,0.0,616,248,864,864,0,864,0,1,0,3,5,0,1974.0,2,528,0,0,0,120500
96.0,12444,8,2008,2008,426.0,1336,596,1932,1932,0,1932,1,2,0,2,7,1,2008.0,3,774,0,66,0,394617
90.0,7407,6,1957,1996,0.0,600,312,912,1236,0,1236,1,1,0,2,6,0,1957.0,2,923,0,158,0,149700
80.0,11584,7,1979,1979,96.0,315,114,539,1040,685,1725,0,2,1,3,6,1,1979.0,2,550,0,88,0,197000
79.0,11526,6,1922,1994,0.0,0,588,588,1423,748,2555,0,2,0,3,11,1,1993.0,2,672,431,0,0,191000
69.0,4426,6,2004,2004,147.0,697,151,848,848,0,848,1,1,0,1,3,1,2004.0,2,420,149,0,0,149300
85.0,11003,10,2008,2008,160.0,765,252,1017,1026,981,2007,1,2,1,3,10,1,2008.0,3,812,168,52,0,310000
69.0,8854,6,1916,1950,0.0,0,952,952,952,0,952,0,1,0,2,4,1,1916.0,1,192,0,98,40,121000
63.0,8500,7,2004,2004,106.0,0,1422,1422,1422,0,1422,0,2,0,3,7,0,2004.0,2,626,192,60,0,179600
70.0,8400,6,1966,1966,0.0,187,0,814,913,0,913,1,1,0,3,6,0,1990.0,1,240,0,0,0,129000
69.0,26142,5,1962,1962,189.0,593,595,1188,1188,0,1188,0,1,0,3,6,0,1962.0,1,312,261,39,0,157900
80.0,10000,8,1995,1996,438.0,1079,141,1220,1220,870,2090,1,2,1,3,8,1,1995.0,2,556,0,65,0,240000
70.0,11767,4,1910,2000,0.0,0,560,560,796,550,1346,0,1,1,2,6,0,1950.0,1,384,168,24,0,112000
21.0,1533,5,1970,1970,0.0,553,77,630,630,0,630,1,1,0,1,3,0,1980.0,0,0,0,0,0,92000
60.0,9000,5,1974,1974,0.0,0,896,896,896,896,1792,0,2,2,4,8,0,1980.0,0,0,32,45,0,136000
78.0,9262,8,2008,2009,194.0,0,1573,1573,1578,0,1578,0,2,0,3,7,1,2008.0,3,840,0,36,0,287090
35.0,3675,5,2005,2005,80.0,547,0,547,1072,0,1072,1,1,0,2,5,0,2005.0,2,525,0,28,0,145000
90.0,17217,5,2006,2006,0.0,0,1140,1140,1140,0,1140,0,1,0,3,6,0,1980.0,0,0,36,56,0,84500
62.0,7500,7,2004,2005,0.0,410,811,1221,1221,0,1221,1,2,0,2,6,0,2004.0,2,400,0,113,0,185000
62.0,7917,6,1999,2000,0.0,0,953,953,953,694,1647,0,2,1,3,7,1,1999.0,2,460,0,40,0,175000
85.0,13175,6,1978,1988,119.0,790,589,1542,2073,0,2073,1,2,0,3,7,2,1978.0,2,500,349,0,0,210000
66.0,9042,7,1941,2006,0.0,275,877,1152,1188,1152,2340,0,2,0,4,9,2,1941.0,1,252,0,60,0,266500
68.0,9717,5,1950,1996,0.0,49,0,1078,1078,0,1078,1,1,0,2,5,0,1950.0,1,240,366,0,0,142125
75.0,9937,5,1965,1965,0.0,830,136,1256,1256,0,1256,1,1,1,3,6,0,1965.0,1,276,736,68,0,147500
